"","Player","PS","GP","Min","FGM","FGA","X3M","X3A","FTM","FTA","OR","TR","AS","ST","TO","BK","PF","DQ","PTS","TC","EJ","FF","Sta","X...","OE","PER","AdjPER","Delta"
"1","k.durant (okc)","SF",81,3118,849,1688,192,491,703,805,58,599,445,103,285,59,174,0,2593,16,0,0,81,510,NA,29.9,30.5755707910122,0.675570791012184
"2","l.james (mia)","SF",77,2903,767,1353,116,306,439,585,81,533,488,121,270,26,126,1,2089,5,0,0,77,409,NA,29.4,28.5792511591829,0.820748840817082
"3","k.love (min)","PF",77,2797,650,1422,190,505,520,633,224,963,343,59,195,35,136,0,2010,3,0,0,77,355,NA,26.97,28.7394854268845,1.76948542688452
"4","a.davis (nop)","PF",67,2360,522,1005,2,9,348,440,207,673,105,89,109,189,200,1,1394,3,0,0,66,-114,NA,26.54,26.1884001940551,0.351599805944918
"5","d.cousins (sac)","C",71,2296,591,1191,0,7,432,595,218,831,207,109,251,91,270,4,1614,16,0,0,71,-18,NA,26.18,26.281384195696,0.101384195695989
"6","c.paul (lac)","PG",62,2168,406,870,78,212,295,345,38,268,663,154,145,4,157,1,1185,10,0,0,62,530,NA,25.98,27.6318054404004,1.65180544040037
"7","b.lopez (brk)","C",17,533,129,229,0,1,94,115,39,102,16,9,28,30,52,0,352,0,0,0,17,-23,NA,25.5,24.9291402275685,0.570859772431515
"8","r.westbrook (okc)","PG",46,1409,347,792,68,214,242,293,55,263,319,88,177,7,104,1,1004,10,0,0,46,221,NA,24.74,25.8255337861788,1.08553378617885
"9","c.anthony (nyk)","SF",77,2981,743,1644,167,415,459,541,144,621,239,96,198,51,224,0,2112,11,0,0,77,103,NA,24.5,23.7485958763133,0.751404123686687
"10","s.curry (gsw)","PG",78,2843,652,1383,261,615,308,348,46,334,667,129,294,14,194,1,1873,0,0,0,78,574,NA,24.13,25.282589428624,1.15258942862399
"11","b.griffin (lac)","PF",80,2864,718,1359,12,44,482,674,192,757,306,92,224,51,265,4,1930,19,0,0,80,570,NA,23.98,25.2352136214993,1.2552136214993
"12","d.nowitzki (dal)","PF",80,2625,632,1272,131,329,338,376,40,498,216,73,118,45,165,1,1733,7,0,0,80,322,NA,23.68,24.1307216621897,0.450721662189718
"13","b.wright (dal)","C",58,1083,224,331,0,0,77,106,102,244,31,32,35,55,94,0,525,0,0,0,0,123,NA,23.6,23.4365426678393,0.163457332160668
"14","j.harden (hou)","SG",73,2780,549,1204,177,483,576,665,61,345,445,114,265,29,177,0,1851,5,0,0,73,408,NA,23.51,24.3624119002317,0.852411900231658
"15","a.jefferson (cha)","C",73,2557,700,1376,3,15,191,277,156,792,155,67,124,79,176,1,1594,5,0,0,73,30,NA,22.75,22.9850608465999,0.235060846599918
"16","a.drummond (det)","C",81,2614,479,769,0,2,137,328,440,1071,35,102,109,131,273,3,1095,9,0,0,81,-234,NA,22.65,22.8635693289503,0.213569328950271
"17","a.horford (atl)","PF",29,960,238,420,4,11,58,85,66,244,75,27,64,44,56,0,538,1,0,0,29,73,NA,22.08,22.9460703548625,0.866070354862504
"18","d.wade (mia)","SG",54,1776,415,760,9,32,189,258,59,241,253,79,161,29,106,0,1028,5,0,0,53,141,NA,22.06,21.6406291067331,0.41937089326689
"19","l.aldridge (por)","PF",69,2496,652,1423,3,15,296,360,166,766,178,64,122,69,147,1,1603,2,0,0,69,367,NA,21.84,22.9807411335649,1.14074113356491
"20","g.dragic (pho)","PG",76,2671,552,1093,122,299,316,416,69,245,448,104,213,22,206,1,1542,7,0,0,75,301,NA,21.43,21.4713827296645,0.0413827296645373
"21","t.duncan (sas)","PF",74,2155,444,906,0,5,231,316,158,722,220,43,159,139,134,2,1119,8,0,0,74,304,NA,21.4,22.2186679554237,0.818667955423667
"22","d.howard (hou)","C",71,2396,473,801,2,7,349,638,232,866,130,60,229,128,240,0,1297,13,0,0,71,341,NA,21.36,21.7007878484599,0.340787848459929
"23","n.pekovic (min)","C",54,1665,379,701,0,0,186,249,206,468,49,30,84,23,129,0,944,2,0,0,54,280,NA,20.72,21.9778038078487,1.25780380784865
"24","i.thomas (sac)","PG",72,2492,496,1096,127,364,346,407,47,210,454,93,213,8,185,0,1465,10,0,0,54,29,NA,20.54,20.6440187983844,0.10401879838442
"25","k.lowry (tor)","PG",79,2861,457,1080,190,500,313,385,88,369,585,121,194,15,267,5,1417,10,0,0,79,269,NA,20.2,20.4316402670311,0.231640267031104
"26","p.george (ind)","SG",80,2902,576,1361,182,500,401,464,66,543,283,151,224,22,198,0,1735,8,0,0,80,375,NA,20.16,20.4583206527988,0.298320652798758
"27","k.irving (cle)","PG",71,2496,532,1237,123,344,291,338,52,259,433,108,190,23,163,0,1478,0,0,0,71,-220,NA,20.14,20.5415892949976,0.401589294997592
"28","m.conley (mem)","PG",73,2447,463,1030,105,291,225,276,41,213,439,110,150,13,141,1,1256,0,0,0,73,151,NA,20.07,19.636124061575,0.433875938425011
"29","j.noah (chi)","C",80,2818,380,800,0,2,247,335,282,901,431,99,194,123,245,2,1007,12,0,0,80,230,NA,20.06,20.2420046577488,0.18200465774876
"30","m.ginobili (sas)","SG",68,1554,294,627,90,258,160,188,30,204,291,70,139,17,128,0,838,0,0,0,3,421,NA,20.06,20.9496009187529,0.889600918752894
"31","k.faried (den)","SF",80,2179,447,820,0,3,202,311,237,683,95,70,135,69,193,0,1096,5,0,0,77,-158,NA,19.9,21.0915011863066,1.19150118630657
"32","p.millsap (atl)","PF",74,2481,483,1047,76,212,286,391,154,627,232,129,185,78,210,3,1328,1,0,0,73,124,NA,19.83,21.1467297934534,1.31672979345344
"33","s.ibaka (okc)","PF",81,2667,524,978,23,60,156,199,224,709,84,39,122,219,233,0,1227,9,0,0,81,405,NA,19.66,20.0607425544027,0.400742554402697
"34","e.bledsoe (pho)","PG",43,1416,265,556,50,140,183,237,27,202,236,69,143,14,99,0,763,3,0,0,40,135,NA,19.62,19.8932123333898,0.273212333389825
"35","j.wall (was)","PG",82,2980,579,1337,108,308,317,394,38,333,719,149,295,39,219,1,1583,2,0,0,82,195,NA,19.61,20.1593092335705,0.549309233570472
"36","k.leonard (sas)","SF",66,1924,337,645,69,182,101,126,76,411,133,114,80,49,127,0,844,0,0,0,65,376,NA,19.43,20.3511752897931,0.92117528979314
"37","j.hill (lal)","C",72,1501,286,521,0,1,124,181,194,535,54,29,75,65,172,2,696,1,0,0,32,-304,NA,19.39,21.1045029577615,1.71450295776149
"38","p.gasol (lal)","PF",60,1883,425,885,4,14,187,254,124,580,201,27,141,92,124,0,1041,0,0,0,60,-354,NA,19.34,21.1284737473287,1.78847374732873
"39","d.lee (gsw)","PF",69,2288,513,980,0,1,231,296,183,644,147,48,153,26,206,4,1257,1,0,0,67,467,NA,19.21,20.2262627716206,1.01626277162062
"40","t.jones (hou)","PF",76,2083,386,713,31,102,118,195,162,528,87,54,71,99,139,0,921,1,0,0,71,125,NA,19.14,19.6731195157072,0.533119515707153
"41","c.bosh (mia)","PF",79,2529,492,954,74,219,223,272,98,522,87,80,124,78,192,1,1281,3,0,0,79,447,NA,19.11,19.0062601783559,0.103739821644123
"42","m.plumlee (brk)","PF",70,1275,199,302,0,3,122,195,99,308,60,49,77,55,171,3,520,0,0,0,22,-87,NA,19.09,18.8773567693412,0.212643230658827
"43","t.lawson (den)","PG",62,2221,347,805,72,202,324,406,41,216,543,100,201,10,113,1,1090,0,0,0,61,-46,NA,19.02,20.3579641880801,1.33796418808014
"44","d.favors (uta)","PF",73,2202,390,747,0,1,190,284,199,637,91,75,129,108,235,1,970,0,0,0,73,-339,NA,19.01,18.8028577004959,0.207142299504085
"45","t.parker (sas)","PG",68,2002,456,914,25,67,197,243,17,154,390,36,151,9,86,0,1134,1,0,0,68,274,NA,19,19.6434169248551,0.643416924855146
"46","a.stoudemire (nyk)","PF",65,1466,311,558,0,0,150,203,112,320,34,23,91,37,159,1,772,9,0,0,22,-159,NA,18.89,18.1543546304693,0.735645369530697
"47","r.anderson (nop)","PF",22,795,155,354,67,164,59,62,65,141,17,10,20,7,47,0,436,1,0,0,14,30,NA,18.89,18.7265987393434,0.16340126065661
"48","n.vucevic (orl)","C",57,1814,353,696,0,0,105,137,185,626,104,60,112,47,169,4,811,3,0,0,57,-177,NA,18.85,19.3263141384377,0.476314138437704
"49","a.blatche (brk)","PF",73,1622,321,674,15,54,164,221,120,390,112,75,110,38,166,0,821,2,0,0,7,24,NA,18.85,18.9688721655684,0.118872165568426
"50","p.mills (sas)","PG",81,1523,309,666,135,318,73,82,34,169,149,68,62,9,114,0,826,1,0,0,2,338,NA,18.8,19.8383423544662,1.03834235446618
"51","d.lillard (por)","PG",82,2935,553,1303,218,554,371,426,35,288,455,64,193,22,197,1,1695,3,0,0,82,359,NA,18.69,19.4750917635373,0.785091763537309
"52","c.andersen (mia)","C",72,1396,177,275,3,12,120,169,129,379,19,32,53,97,162,1,477,1,0,0,0,162,NA,18.56,18.2239031456175,0.336096854382522
"53","j.johnson (mem)","PF",52,957,143,308,22,87,76,90,60,166,111,43,66,57,102,1,384,1,0,0,4,96,NA,18.5,18.2427222060564,0.257277793943572
"54","m.morris (pho)","PF",82,1800,288,651,99,260,121,159,84,319,88,72,95,18,157,0,796,7,0,0,1,125,NA,18.48,15.31677586296,3.16322413704
"55","m.morris (pho)","PF",81,2151,411,845,34,108,259,327,139,485,143,68,147,51,232,2,1115,9,0,0,0,133,NA,18.48,18.8092750772385,0.329275077238496
"56","t.evans (nop)","PG",72,2024,391,897,21,95,239,310,76,341,363,84,175,21,155,0,1042,3,0,0,22,-207,NA,18.43,18.6359645922243,0.205964592224309
"57","d.derozan (tor)","SG",79,3020,604,1407,64,210,519,630,51,343,313,86,176,28,197,0,1791,8,0,0,79,180,NA,18.42,18.5871142804291,0.167114280429129
"58","r.gay (tor)","SF",73,2532,537,1179,65,197,318,387,113,437,209,95,224,56,171,2,1457,3,0,0,73,-69,NA,18.4,18.4765445073128,0.0765445073128035
"59","r.gay (sac)","SF",73,2532,537,1179,65,197,318,387,113,437,209,95,224,56,171,2,1457,3,0,0,73,-69,NA,18.4,18.4765445073128,0.0765445073128035
"60","z.randolph (mem)","PF",79,2709,560,1198,2,20,250,337,265,794,199,54,183,23,210,0,1372,4,0,0,79,169,NA,18.37,18.0431778208505,0.326822179149506
"61","k.humphries (bos)","PF",69,1381,231,462,0,3,117,144,127,409,67,31,64,61,136,1,579,2,0,0,30,-178,NA,18.28,18.6056551040637,0.325655104063721
"62","m.gasol (mem)","C",59,1976,336,711,2,11,185,241,84,424,216,59,111,76,150,1,859,0,0,0,59,16,NA,18.27,17.9265060249595,0.343493975040488
"63","d.jordan (lac)","C",82,2872,348,515,0,0,160,374,331,1114,75,80,123,203,264,2,856,7,0,0,82,493,NA,18.19,18.8591142693886,0.669114269388576
"64","g.monroe (det)","C",82,2693,504,1015,0,1,241,367,256,760,171,91,167,47,205,2,1249,8,0,0,82,-152,NA,18.16,18.4777265539116,0.317726553911623
"65","j.henson (mil)","PF",70,1858,344,639,0,1,91,177,171,497,113,41,114,116,185,0,779,4,0,0,23,-428,NA,17.97,17.8497057530344,0.120294246965553
"66","d.williams (brk)","PG",65,2058,322,716,98,268,173,216,15,168,393,93,143,13,148,0,915,0,0,0,58,187,NA,17.69,17.7778859251749,0.0878859251749269
"67","r.lopez (por)","C",82,2611,355,644,0,1,198,242,326,698,73,26,84,139,196,2,908,6,0,0,82,314,NA,17.68,18.0551029629399,0.375102962939874
"68","m.gortat (was)","C",81,2660,455,840,1,1,157,229,202,767,136,41,126,121,201,2,1068,3,0,0,80,292,NA,17.66,17.8539655363714,0.193965536371426
"69","j.leuer (mem)","PF",49,643,121,246,23,49,37,47,37,158,20,18,27,13,63,0,302,0,0,0,0,-13,NA,17.65,17.4498959364355,0.200104063564538
"70","d.west (ind)","PF",80,2469,458,939,4,15,198,251,120,542,223,61,133,74,186,1,1118,7,0,0,80,410,NA,17.55,17.672116306068,0.122116306068037
"71","j.adrien (mil)","SF",53,963,143,275,0,0,76,119,102,306,38,24,39,36,108,0,362,2,0,0,12,-72,NA,17.49,17.6589401986542,0.168940198654205
"72","j.crawford (lac)","SG",69,2093,421,1011,161,446,279,322,34,158,223,59,135,12,120,0,1282,4,0,0,24,270,NA,17.39,18.566475949333,1.17647594933301
"73","d.blair (dal)","C",78,1217,210,393,0,2,77,121,139,368,70,60,77,21,192,1,497,1,0,0,13,-12,NA,17.33,18.0516314888874,0.721631488887422
"74","j.holiday (nop)","PG",34,1142,203,454,30,77,51,63,28,142,268,56,105,12,92,0,487,1,0,0,34,24,NA,17.19,17.4394917207583,0.249491720758318
"75","j.teague (atl)","PG",79,2546,456,1040,74,225,318,376,34,208,526,89,231,17,158,0,1304,2,0,0,79,117,NA,17.16,18.2528222596332,1.09282225963315
"76","a.bogut (gsw)","C",67,1770,235,375,0,0,22,64,181,670,113,48,97,119,210,3,492,7,0,0,67,308,NA,17.11,17.9317149528814,0.821714952881354
"77","c.kaman (lal)","C",39,736,176,346,0,3,52,68,54,229,58,11,74,40,93,1,404,2,0,0,13,-60,NA,17.06,18.8973620221549,1.83736202215489
"78","a.varejao (cle)","PF",65,1803,227,459,0,7,92,135,187,629,140,69,72,39,164,2,546,1,0,0,29,64,NA,17.05,17.5773321690948,0.527332169094844
"79","s.dalembert (dal)","C",80,1614,214,377,0,1,101,137,200,541,38,41,90,94,210,0,529,1,0,0,68,19,NA,16.88,17.3123770346431,0.432377034643125
"80","m.ellis (dal)","PG",82,3023,577,1279,69,209,339,430,38,295,470,141,263,23,197,0,1562,6,0,0,82,49,NA,16.83,17.3898181927899,0.559818192789947
"81","k.walker (cha)","PG",73,2617,449,1143,109,327,282,337,39,306,447,86,169,32,128,1,1289,4,0,0,73,132,NA,16.82,17.2204260245663,0.4004260245663
"82","p.pierce (brk)","SF",75,2101,321,712,112,300,256,310,26,348,178,86,153,31,190,0,1010,6,0,0,68,71,NA,16.81,16.9928070863732,0.18280708637316
"83","m.beasley (mia)","SF",55,833,177,355,21,54,61,79,31,172,41,23,57,21,93,1,436,0,0,0,2,-43,NA,16.8,16.8765555128499,0.0765555128499358
"84","t.mozgov (den)","C",82,1774,285,545,4,24,196,260,171,528,62,27,122,100,213,3,770,5,0,0,30,23,NA,16.77,17.8902906437181,1.12029064371815
"85","n.hilario (was)","C",53,1562,299,594,1,5,155,266,65,294,153,64,117,48,164,2,754,3,0,0,37,117,NA,16.67,17.0544785505672,0.38447855056722
"86","t.young (phi)","SF",79,2717,582,1283,90,292,163,229,166,476,182,168,165,36,213,1,1417,3,0,0,78,-652,NA,16.64,18.2382486099463,1.59824860994626
"87","j.redick (lac)","SG",35,988,181,398,73,185,97,106,9,74,80,28,42,3,65,0,532,2,0,0,34,210,NA,16.64,17.808128984496,1.16812898449595
"88","b.knight (mil)","PG",72,2407,461,1092,110,338,259,323,46,255,352,69,188,17,146,1,1291,3,0,0,69,-440,NA,16.59,16.7820457500449,0.192045750044873
"89","t.splitter (sas)","PF",59,1272,181,346,0,3,121,173,123,363,90,29,76,31,117,0,483,0,0,0,50,266,NA,16.58,17.2424991554151,0.662499155415095
"90","g.dieng (min)","C",60,821,113,227,1,1,59,93,103,300,39,30,54,50,108,0,286,0,0,0,15,-40,NA,16.58,17.8747355788575,1.2947355788575
"91","g.green (pho)","SG",82,2327,448,1006,204,510,195,230,47,274,122,70,145,42,220,3,1295,9,0,0,48,44,NA,16.55,16.8184367324787,0.268436732478722
"92","t.harris (orl)","SF",61,1847,332,716,32,126,197,244,88,424,82,41,78,24,143,1,893,1,0,0,36,-230,NA,16.54,17.0324402900531,0.492440290053064
"93","k.koufos (mem)","C",80,1351,227,459,0,0,60,93,160,418,39,32,68,71,182,1,514,3,0,0,22,37,NA,16.54,16.3171277744456,0.222872225554401
"94","k.o'quinn (orl)","PF",69,1186,186,371,0,3,57,83,100,364,78,39,78,88,165,1,429,1,0,0,19,-32,NA,16.52,17.0671207164587,0.547120716458679
"95","t.chandler (nyk)","C",55,1665,191,322,0,1,98,155,159,529,60,37,71,63,145,2,480,8,0,0,55,13,NA,16.48,16.0479236468108,0.432076353189188
"96","j.sullinger (bos)","PF",74,2041,384,899,56,208,158,203,241,601,118,35,119,49,251,3,982,1,0,0,44,-14,NA,16.42,17.0249659627114,0.604965962711411
"97","k.martin (min)","SG",68,2174,440,1022,115,297,303,340,34,203,123,66,106,6,123,2,1298,3,0,0,68,176,NA,16.37,17.8085764937194,1.43857649371942
"98","j.hickson (den)","PF",69,1859,332,654,0,8,150,290,206,632,95,47,127,51,177,0,814,1,0,0,52,-189,NA,16.27,17.3561789127079,1.0861789127079
"99","j.evans (uta)","SF",66,1208,175,332,0,2,51,75,120,309,44,42,40,46,139,2,401,0,0,0,4,-177,NA,16.27,16.2725542754603,0.00255427546026255
"100","g.hayward (uta)","SF",77,2798,426,1032,85,280,311,381,62,392,400,110,212,40,155,0,1248,0,0,0,77,-395,NA,16.22,16.2394961988249,0.0194961988248856
"101","d.augustin (chi)","PG",71,1942,298,718,133,332,201,227,15,130,313,53,125,3,147,0,930,1,0,0,9,54,NA,16.22,16.5041329830433,0.284132983043257
"102","d.collison (lac)","PG",80,2071,324,694,71,189,192,224,47,188,297,93,132,15,150,1,911,0,0,0,35,214,NA,16.21,17.3168594069841,1.10685940698407
"103","j.valanciunas (tor)","C",81,2283,359,676,0,1,198,260,225,712,58,24,136,71,249,1,916,6,0,0,81,91,NA,16.17,16.2784414110276,0.108441411027592
"104","h.sims (phi)","C",46,877,130,274,0,1,90,121,104,237,52,28,41,20,116,1,350,0,0,0,25,-138,NA,16.14,17.4921602078997,1.35216020789966
"105","n.young (lal)","SG",64,1818,387,889,135,350,235,285,29,166,95,47,95,12,156,2,1144,8,0,0,9,-84,NA,16.11,17.8078166901089,1.6978166901089
"106","a.afflalo (orl)","SG",73,2550,464,1011,128,300,274,336,32,262,248,35,146,3,136,0,1330,4,0,0,73,-365,NA,16.09,16.27346877192,0.183468771920005
"107","t.gibson (chi)","PF",82,2353,429,896,0,7,211,281,200,559,91,41,150,110,207,2,1069,8,0,0,8,138,NA,16.09,16.2601411013013,0.170141101301322
"108","r.sessions (cha)","PG",83,2215,330,769,35,124,326,404,38,203,340,49,148,9,90,0,1021,2,0,0,19,-171,NA,16.04,16.1558869626366,0.115886962636569
"109","r.sessions (mil)","PG",83,2215,330,769,35,124,326,404,38,203,340,49,148,9,90,0,1021,2,0,0,19,-171,NA,16.04,16.1558869626366,0.115886962636569
"110","c.miles (cle)","SG",51,987,178,409,83,211,64,75,18,103,52,46,44,15,103,0,503,0,0,0,34,45,NA,16.03,16.5268675084924,0.496867508492404
"111","e.davis (mem)","PF",63,956,155,290,0,0,47,89,92,260,27,17,40,43,114,0,357,2,0,0,4,52,NA,15.99,15.6247952425418,0.365204757458157
"112","v.carter (dal)","SG",81,1975,330,811,146,371,161,196,67,284,212,61,108,35,209,1,967,1,0,0,0,175,NA,15.97,16.6394845440091,0.669484544009114
"113","c.parsons (hou)","SF",74,2785,466,987,130,351,164,221,69,409,298,88,144,29,168,1,1226,0,0,0,74,325,NA,15.9,16.6260299782298,0.726029978229798
"114","t.ariza (was)","SF",77,2723,389,853,180,442,149,193,99,475,192,126,132,20,179,2,1107,4,0,0,77,195,NA,15.87,16.3960523129019,0.526052312901948
"115","n.batum (por)","SF",82,2958,381,819,145,402,163,203,116,611,420,75,209,57,156,1,1070,1,0,0,82,329,NA,15.86,16.4667470916815,0.606747091681548
"116","a.burks (uta)","PG",78,2192,380,831,50,143,279,373,59,257,212,69,149,14,190,2,1089,0,0,0,12,-286,NA,15.82,15.7440752301843,0.0759247698157015
"117","s.hawes (phi)","C",80,2468,403,882,128,307,119,152,131,660,240,44,173,94,237,3,1053,11,0,0,78,-482,NA,15.77,16.8615325316961,1.09153253169612
"118","s.hawes (cle)","C",80,2468,403,882,128,307,119,152,131,660,240,44,173,94,237,3,1053,11,0,0,78,-482,NA,15.77,16.8615325316961,1.09153253169612
"119","w.matthews (por)","SG",82,2783,445,1010,201,511,252,301,51,289,199,76,109,14,176,0,1343,7,0,0,82,303,NA,15.7,16.4129271649651,0.712927164965141
"120","e.kanter (uta)","C",80,2138,419,853,0,1,149,204,222,598,75,28,144,42,230,1,987,1,0,0,37,-481,NA,15.7,15.6402573114107,0.0597426885893313
"121","b.jennings (det)","PG",80,2729,423,1135,154,457,241,321,59,244,609,101,215,8,157,0,1241,12,0,0,79,-186,NA,15.67,16.1692705468098,0.499270546809827
"122","t.allen (mem)","SG",55,1276,204,413,11,47,76,121,79,208,94,90,90,19,121,0,495,2,0,0,28,92,NA,15.64,15.5874600507132,0.0525399492868388
"123","n.robinson (den)","PG",44,870,164,383,58,154,71,85,21,81,112,36,58,4,92,0,457,7,0,0,1,83,NA,15.64,16.9990657929931,1.3590657929931
"124","m.carter-williams (phi)","PG",70,2415,427,1054,55,208,258,367,101,437,441,129,247,43,213,2,1167,3,0,0,70,-448,NA,15.59,17.1279237023553,1.53792370235528
"125","j.johnson (brk)","SG",79,2574,462,1018,162,404,159,195,48,270,216,47,120,10,129,0,1245,2,0,0,79,57,NA,15.54,15.4722367259371,0.0677632740629406
"126","a.johnson (tor)","PF",77,2214,344,612,20,66,91,143,172,504,115,56,123,88,271,5,799,1,0,0,72,198,NA,15.44,15.5372114511707,0.0972114511707325
"127","r.jackson (okc)","PG",80,2281,402,914,83,244,158,177,43,313,331,85,169,9,142,0,1045,1,0,0,36,350,NA,15.43,16.1283168145989,0.698316814598865
"128","t.zeller (cle)","PF",70,1050,156,290,0,1,87,121,102,281,35,18,60,38,137,1,399,1,0,0,9,-5,NA,15.43,15.6467951430686,0.216795143068573
"129","r.rubio (min)","PG",82,2636,255,670,44,133,227,283,61,342,702,190,222,11,218,2,781,2,0,0,82,381,NA,15.35,16.9124258995334,1.56242589953339
"130","m.scott (atl)","SF",80,1484,301,628,62,200,103,132,62,284,75,30,79,7,121,0,767,0,0,0,6,-192,NA,15.34,16.4981858573935,1.15818585739353
"131","r.rondo (bos)","PG",30,998,141,350,26,90,42,67,22,164,294,40,100,2,65,0,350,1,0,0,30,-172,NA,15.34,15.8509287528998,0.510928752899797
"132","j.o'neal (gsw)","C",44,882,125,248,0,0,99,132,85,242,25,14,52,41,102,0,349,9,0,0,13,24,NA,15.34,16.2156751272857,0.875675127285721
"133","k.olynyk (bos)","PF",70,1396,234,501,40,113,99,122,140,365,109,35,106,27,227,4,607,0,0,0,9,-5,NA,15.27,16.0385932423754,0.768593242375367
"134","j.calderon (dal)","PG",81,2472,341,748,191,425,52,63,29,192,378,69,103,11,136,0,925,3,0,0,81,-4,NA,15.25,15.5563166611311,0.306316661131071
"135","j.withey (nop)","C",58,687,69,129,0,1,52,73,49,150,26,15,20,50,73,0,190,0,0,0,4,29,NA,15.25,15.1376070541048,0.112392945895195
"136","a.bynum (ind)","C",26,517,94,225,0,0,37,49,53,145,29,6,34,29,31,0,225,0,0,0,19,-135,NA,15.25,15.4456991786228,0.195699178622821
"137","l.deng (chi)","SF",63,2213,371,860,57,189,212,268,99,361,183,62,114,9,111,0,1011,1,0,0,63,8,NA,15.22,15.563780558329,0.343780558328966
"138","l.deng (cle)","SF",63,2213,371,860,57,189,212,268,99,361,183,62,114,9,111,0,1011,1,0,0,63,8,NA,15.22,15.563780558329,0.343780558328966
"139","m.speights (gsw)","PF",79,985,195,442,8,31,110,134,101,290,32,11,66,33,148,1,508,2,0,0,3,-122,NA,15.22,16.3990456507005,1.1790456507005
"140","m.belinelli (sas)","SG",80,2015,337,695,126,293,111,131,18,226,179,50,95,7,130,0,911,0,0,0,25,261,NA,15.09,15.8421210787653,0.752121078765262
"141","j.farmar (lal)","PG",41,912,151,364,70,160,44,59,20,104,199,38,95,8,65,0,416,1,0,0,5,-90,NA,15.05,16.6221099133816,1.57210991338157
"142","t.booker (was)","PF",72,1553,222,403,0,2,47,76,149,379,64,41,58,45,131,0,491,2,0,0,45,-55,NA,15.02,15.3323556417411,0.312355641741147
"143","b.bass (bos)","PF",82,2262,352,725,2,6,205,239,161,471,87,36,102,71,190,0,911,3,0,0,73,-402,NA,15.01,15.3843505490292,0.374350549029181
"144","t.thompson (cle)","PF",82,2591,363,761,0,1,235,339,269,754,72,42,108,35,188,0,961,0,0,0,82,-228,NA,14.96,15.2358278916032,0.275827891603239
"145","e.gordon (nop)","SG",64,2057,356,817,101,258,175,223,30,164,207,75,134,12,114,2,988,1,0,0,64,-269,NA,14.92,14.9710668850326,0.0510668850325757
"146","j.meeks (lal)","SG",77,2557,413,892,162,404,221,258,30,194,138,111,111,4,119,0,1209,0,0,0,70,-509,NA,14.75,16.1964016611107,1.44640166111068
"147","l.stephenson (ind)","SG",78,2747,427,870,86,244,140,197,95,558,359,54,210,7,195,1,1080,14,0,0,78,287,NA,14.72,14.8677940812188,0.147794081218782
"148","c.joseph (sas)","PG",68,941,126,265,12,38,79,96,32,107,114,35,43,14,84,0,343,0,0,0,19,-3,NA,14.72,15.4914065784229,0.771406578422949
"149","p.patterson (sac)","PF",65,1536,225,489,55,151,50,71,117,342,78,55,65,37,159,2,555,2,0,0,13,168,NA,14.67,14.9814429912773,0.311442991277348
"150","p.patterson (tor)","PF",65,1536,225,489,55,151,50,71,117,342,78,55,65,37,159,2,555,2,0,0,13,168,NA,14.67,14.9814429912773,0.311442991277348
"151","d.harris (dal)","PG",40,817,96,254,31,101,92,115,8,85,178,28,59,2,72,1,315,0,0,0,0,156,NA,14.66,15.343182229814,0.683182229813955
"152","a.ajinca (nop)","C",56,952,136,250,0,1,56,67,94,277,40,23,63,46,187,3,328,0,0,0,30,-99,NA,14.62,15.0243973713908,0.404397371390754
"153","m.plumlee (pho)","PF",80,1963,286,553,0,0,74,132,198,626,43,50,111,90,185,2,646,0,0,0,79,47,NA,14.6,14.9053356800143,0.305335680014267
"154","a.bargnani (nyk)","PF",42,1253,222,502,30,108,84,102,70,223,45,14,58,51,100,1,558,3,0,0,39,-124,NA,14.53,14.2054760471014,0.324523952898645
"155","s.livingston (brk)","PG",76,1976,235,487,1,6,158,191,67,246,245,93,105,32,172,1,629,1,0,0,54,61,NA,14.52,14.7515547693735,0.231554769373487
"156","c.boozer (chi)","PF",76,2143,447,980,0,2,148,193,137,632,119,54,154,22,216,0,1042,7,0,0,76,-33,NA,14.48,15.3080357092497,0.828035709249651
"157","w.bynum (det)","PG",56,1054,184,430,20,62,97,121,24,99,216,39,103,7,121,0,485,2,0,0,3,-112,NA,14.44,15.0693697789583,0.629369778958253
"158","j.crawford (bos)","SG",81,1858,327,787,90,285,146,169,28,183,281,47,134,5,120,0,890,5,0,0,35,-184,NA,14.4,15.0409110386383,0.64091103863832
"159","m.teletovic (brk)","PF",72,1399,221,529,136,349,44,62,60,266,57,29,54,23,143,0,622,2,0,0,7,-95,NA,14.38,14.594213178,0.214213177999994
"160","k.thompson (gsw)","SG",81,2867,559,1259,223,535,147,185,38,249,181,75,135,37,234,2,1488,2,0,0,81,532,NA,14.32,15.2087722969222,0.888772296922214
"161","b.beal (was)","SG",73,2529,481,1149,138,343,149,189,54,273,245,71,128,18,153,0,1249,0,0,0,73,110,NA,14.32,14.8887638831317,0.568763883131673
"162","j.lin (hou)","PG",71,2054,295,663,82,230,218,265,33,186,294,67,176,27,166,0,890,0,0,0,33,174,NA,14.31,14.9692261573262,0.659226157326191
"163","l.williams (atl)","SG",60,1445,197,493,79,231,152,179,10,124,210,45,92,4,65,0,625,0,0,0,7,-167,NA,14.24,15.2258873677163,0.985887367716254
"164","g.vasquez (sac)","PG",79,1778,277,658,109,289,95,108,20,173,323,31,128,5,143,2,758,3,0,0,23,168,NA,14.2,14.4536112584544,0.253611258454445
"165","g.vasquez (tor)","PG",79,1778,277,658,109,289,95,108,20,173,323,31,128,5,143,2,758,3,0,0,23,168,NA,14.2,14.4536112584544,0.253611258454445
"166","t.hansbrough (tor)","PF",64,981,93,196,0,2,126,185,120,287,17,28,47,19,132,0,312,5,0,0,4,-5,NA,14.2,14.4259806940184,0.225980694018354
"167","t.robinson (por)","PF",70,877,141,294,0,1,57,101,105,307,34,23,57,20,131,1,339,3,0,0,0,-87,NA,14.15,15.0049419432999,0.854941943299886
"168","b.diaw (sas)","PF",79,1974,302,580,45,112,68,92,74,325,222,44,121,32,140,0,717,0,0,0,24,317,NA,14.12,14.7689179357568,0.648917935756844
"169","j.smith (det)","SF",77,2733,517,1233,70,265,160,301,102,520,252,104,199,110,197,1,1264,10,0,0,76,-195,NA,14.1,14.4593094990033,0.359309499003293
"170","d.waiters (cle)","SG",70,2073,430,992,92,249,161,235,31,194,211,63,154,17,153,0,1113,2,0,0,24,-54,NA,14.1,14.4342295216672,0.334229521667151
"171","m.chalmers (mia)","PG",73,2182,254,560,87,226,121,163,41,214,357,119,162,16,210,0,716,4,0,0,73,306,NA,14.06,14.2544454795784,0.194445479578366
"172","e.brand (atl)","PF",73,1416,179,332,0,2,61,94,97,361,74,40,60,88,192,0,419,1,0,0,15,-60,NA,14.05,15.0325732851864,0.982573285186444
"173","o.asik (hou)","C",48,964,101,190,0,0,78,126,102,379,27,14,59,37,92,1,280,0,0,0,19,58,NA,14.05,14.9370800656369,0.887080065636933
"174","r.stuckey (det)","PG",73,1949,372,853,24,88,244,292,39,169,152,54,125,10,131,1,1012,4,0,0,5,-159,NA,14.04,14.4390612383981,0.399061238398151
"175","m.williams (uta)","PF",66,1673,231,526,84,234,57,73,82,334,78,54,53,31,151,3,603,0,0,0,50,-174,NA,14.04,14.2278195450233,0.187819545023304
"176","z.pachulia (mil)","C",53,1322,149,349,0,1,110,130,141,333,136,45,92,14,124,0,408,4,0,0,43,-181,NA,14.03,14.4993803873964,0.469380387396374
"177","l.sanders (mil)","C",23,586,76,162,0,1,26,55,60,165,19,18,26,40,74,3,178,5,0,0,20,-111,NA,14.02,14.2021150912321,0.182115091232085
"178","j.smith (nyk)","SG",74,2423,396,955,189,480,90,138,35,296,219,65,108,20,196,0,1071,2,0,0,37,-2,NA,14,13.8130333396863,0.186966660313654
"179","d.carroll (atl)","SF",73,2343,302,642,97,268,109,141,107,403,135,108,79,21,188,0,810,3,0,0,73,99,NA,13.96,15.0264966806965,1.06649668069655
"180","a.morrow (nop)","SG",76,1427,238,520,88,195,72,87,29,140,59,39,51,13,102,0,636,0,0,0,9,43,NA,13.96,14.1019883454071,0.141988345407142
"181","d.green (sas)","SG",69,1652,218,505,132,318,50,63,25,229,104,65,76,62,107,0,618,0,0,0,59,330,NA,13.9,14.6537725604383,0.753772560438261
"182","a.miller (den)","PG",58,988,106,231,11,21,60,77,28,130,197,34,61,9,75,1,283,1,0,0,2,47,NA,13.9,14.6815595316619,0.781559531661935
"183","a.miller (was)","PG",58,988,106,231,11,21,60,77,28,130,197,34,61,9,75,1,283,1,0,0,2,47,NA,13.9,14.6815595316619,0.781559531661935
"184","j.nelson (orl)","PG",68,2176,294,747,136,391,96,112,29,231,476,52,166,5,146,1,820,3,0,0,68,-273,NA,13.89,14.3592423954651,0.469242395465072
"185","e.ilyasova (mil)","SF",55,1479,237,579,37,131,107,130,107,342,72,46,61,8,135,1,618,0,0,0,47,-268,NA,13.85,14.4497229376673,0.599722937667339
"186","r.turiaf (min)","C",31,608,64,107,0,0,21,50,55,174,23,8,24,50,65,1,149,0,0,0,10,-23,NA,13.84,14.5443736004507,0.704373600450655
"187","j.mcroberts (cha)","PF",78,2365,247,566,105,291,62,85,85,373,334,58,83,46,189,0,661,3,0,0,78,37,NA,13.82,14.1407376364465,0.320737636446511
"188","c.lee (mem)","SG",79,1974,295,614,72,194,99,112,29,186,115,65,73,28,127,1,761,1,0,0,47,66,NA,13.8,13.7619743569058,0.0380256430942243
"189","s.marion (dal)","SF",76,2407,341,708,58,162,51,65,132,497,124,90,95,37,125,0,791,1,0,0,76,-134,NA,13.78,14.278673240757,0.498673240756965
"190","a.iguodala (gsw)","SG",63,2041,220,458,62,175,86,132,52,292,262,95,100,19,103,0,588,0,0,0,63,567,NA,13.71,14.4754092716913,0.765409271691325
"191","v.oladipo (orl)","SG",80,2486,392,936,74,226,248,318,43,329,327,129,256,37,210,0,1106,2,0,0,44,-266,NA,13.64,14.2190579934449,0.57905799344489
"192","j.butler (chi)","SG",67,2594,275,693,68,240,260,338,87,329,175,126,102,35,106,0,878,4,0,0,67,187,NA,13.57,13.8002531588674,0.230253158867386
"193","k.korver (atl)","SG",71,2413,289,609,185,392,87,94,22,282,208,69,102,24,147,0,850,0,0,0,71,211,NA,13.55,14.3252145351794,0.775214535179446
"194","r.hibbert (ind)","C",81,2406,331,754,2,5,207,269,202,538,91,29,148,181,269,4,871,4,0,0,81,363,NA,13.54,13.6276069026658,0.0876069026658328
"195","b.roberts (nop)","PG",72,1671,244,580,64,178,125,133,17,136,235,43,95,7,132,2,677,1,0,0,42,-137,NA,13.49,13.7664058404668,0.276405840466785
"196","j.lamb (okc)","SG",78,1543,263,609,88,247,51,64,27,189,115,56,60,26,143,1,665,0,0,0,0,214,NA,13.44,14.2384687007984,0.798468700798447
"197","g.hill (ind)","PG",76,2436,272,616,95,260,142,176,53,283,264,75,92,24,158,0,781,4,0,0,76,322,NA,13.42,13.6083417199581,0.188341719958126
"198","l.scola (ind)","PF",82,1398,263,560,1,7,99,136,85,390,81,26,108,16,164,0,626,1,0,0,2,2,NA,13.42,13.8342230297382,0.414223029738199
"199","j.jerebko (det)","PF",64,743,98,208,31,74,43,59,51,175,39,21,43,6,85,0,270,0,0,0,0,-87,NA,13.42,13.987664277747,0.567664277746973
"200","k.garnett (brk)","PF",54,1111,157,356,0,3,38,47,60,357,82,44,69,40,123,1,352,9,0,0,54,-29,NA,13.35,13.9992642542754,0.649264254275421
"201","b.biyombo (cha)","PF",77,1073,88,144,0,0,46,89,105,366,8,7,40,86,124,1,222,1,0,0,9,-46,NA,13.33,13.3957097917465,0.0657097917465048
"202","r.foye (den)","PG",81,2487,361,875,189,498,157,185,36,232,288,67,145,39,205,4,1068,0,0,0,78,-125,NA,13.31,14.4494844988951,1.13948449889506
"203","p.tucker (pho)","SG",81,2489,265,615,74,191,156,201,162,530,140,110,102,23,204,2,760,12,0,0,81,125,NA,13.31,13.9235293551298,0.613529355129772
"204","s.mack (atl)","PG",73,1494,209,501,62,184,64,74,21,160,271,50,90,2,100,1,544,0,0,0,11,-47,NA,13.28,14.2984054636988,1.01840546369879
"205","c.frye (pho)","PF",82,2316,336,778,160,432,78,95,73,416,98,60,89,63,245,1,910,2,0,0,82,298,NA,13.26,13.7408467614016,0.480846761401555
"206","a.aminu (nop)","SF",80,2044,234,494,13,48,91,137,130,497,114,82,88,37,147,1,572,0,0,0,65,-252,NA,13.19,13.4782702600861,0.288270260086108
"207","j.green (bos)","PF",82,2805,482,1171,135,396,283,356,54,380,138,57,165,47,180,1,1382,0,0,0,82,-352,NA,13.17,13.5803502533455,0.410350253345456
"208","g.davis (orl)","PF",68,1668,271,593,4,11,95,137,108,351,77,58,76,29,159,3,641,3,0,0,44,-165,NA,13.14,13.7363037848741,0.596303784874097
"209","g.davis (lac)","PF",68,1668,271,593,4,11,95,137,108,351,77,58,76,29,159,3,641,3,0,0,44,-165,NA,13.14,13.7363037848741,0.596303784874097
"210","g.henderson (cha)","SG",77,2461,403,930,40,115,235,309,31,310,198,51,113,32,159,0,1081,2,0,0,77,-70,NA,13.13,13.4984933541845,0.368493354184475
"211","c.zeller (cha)","PF",82,1412,172,404,0,1,146,200,118,353,92,40,87,41,170,0,490,0,0,0,3,-83,NA,13.12,13.7024269384589,0.582426938458921
"212","c.watson (ind)","PG",64,1194,146,335,53,145,69,88,19,101,107,60,59,8,66,0,414,0,0,0,5,136,NA,13.08,13.3097909123668,0.229790912366838
"213","p.prigioni (nyk)","PG",66,1284,88,191,65,140,11,12,36,129,228,67,60,2,132,0,252,2,0,0,27,32,NA,13.02,13.1054812378738,0.0854812378738306
"214","t.wroten (phi)","PG",72,1765,345,808,40,188,209,326,69,228,217,78,204,16,151,1,939,2,0,0,16,-436,NA,12.96,14.1114907617858,1.15149076178584
"215","o.casspi (hou)","SF",71,1284,173,410,61,176,83,122,55,260,89,44,73,14,100,0,490,0,0,0,2,148,NA,12.91,13.7366058346402,0.826605834640185
"216","r.felton (nyk)","PG",65,2020,240,608,62,195,88,122,54,197,368,77,129,27,157,1,630,1,0,0,65,24,NA,12.9,12.8422126060218,0.0577873939782183
"217","r.allen (mia)","SG",73,1937,240,543,116,309,105,116,23,205,143,54,83,8,115,0,701,0,0,0,9,162,NA,12.83,12.943597713937,0.113597713937018
"218","a.bradley (bos)","PG",60,1855,361,825,79,200,90,112,48,226,85,63,96,11,145,3,891,0,0,0,58,-127,NA,12.8,13.3539266349995,0.553926634999462
"219","t.hardaway (nyk)","SG",81,1879,294,687,130,358,106,128,19,121,66,43,47,7,144,1,824,0,0,0,0,-168,NA,12.79,12.5363504078574,0.253649592142624
"220","n.wolters (mil)","PG",58,1307,170,389,18,62,59,90,33,149,187,35,57,15,67,0,417,0,0,0,31,-25,NA,12.76,12.9763042346672,0.216304234667174
"221","j.hamilton (den)","C",8,74,9,20,3,9,5,5,4,7,0,5,4,0,8,0,26,0,0,0,0,-23,NA,12.75,12.0496253421892,0.700374657810809
"222","j.hamilton (hou)","SF",60,1019,147,375,70,197,40,51,32,194,52,44,47,20,67,0,404,1,0,0,12,-104,NA,12.75,13.9431945365064,1.19319453650638
"223","d.green (gsw)","SF",82,1796,187,459,55,165,82,123,86,409,152,98,91,72,231,3,511,7,0,0,12,145,NA,12.73,13.8477305918886,1.11773059188864
"224","b.udrih (mem)","PG",41,646,78,178,19,42,25,30,10,59,116,23,47,4,50,1,200,0,0,0,12,-106,NA,12.73,12.5966532457337,0.133346754266253
"225","c.brewer (min)","SF",81,2611,387,807,59,211,163,227,63,207,134,150,105,30,210,1,996,2,0,0,81,331,NA,12.71,13.8436679646503,1.13366796465032
"226","j.vesely (was)","SF",54,775,89,173,0,0,19,56,81,191,22,53,36,35,121,3,197,0,0,0,1,-109,NA,12.71,13.7363873220697,1.02638732206968
"227","j.vesely (den)","SF",54,775,89,173,0,0,19,56,81,191,22,53,36,35,121,3,197,0,0,0,1,-109,NA,12.71,13.7363873220697,1.02638732206968
"228","d.cunningham (min)","PF",81,1635,237,510,0,6,38,67,113,331,84,62,43,57,146,0,512,1,0,0,7,-44,NA,12.67,13.8568307622605,1.18683076226055
"229","r.kelly (lal)","SF",59,1314,157,371,48,142,110,135,42,219,95,32,47,45,147,0,472,0,0,0,25,-88,NA,12.67,14.1702205663151,1.50022056631507
"230","k.marshall (lal)","PG",55,1568,170,419,71,178,19,36,15,155,477,48,150,4,76,0,430,0,0,0,45,-172,NA,12.66,13.8611363021518,1.20113630215178
"231","t.burke (uta)","PG",70,2262,341,897,111,336,102,113,37,208,396,41,131,6,145,1,895,0,0,0,68,-256,NA,12.64,12.7794376131565,0.139437613156495
"232","m.dunleavy (chi)","SG",82,2586,333,774,123,324,140,164,46,345,186,64,108,46,163,0,929,1,0,0,61,173,NA,12.62,12.9471385299954,0.327138529995365
"233","k.middleton (mil)","SF",82,2461,376,854,120,290,118,137,60,310,169,83,123,19,243,4,990,4,0,0,64,-381,NA,12.55,13.0248452367062,0.474845236706217
"234","g.neal (cha)","PG",52,1113,193,471,68,180,94,105,10,90,83,18,64,0,65,0,548,1,0,0,3,-171,NA,12.54,12.9096610788518,0.369661078851758
"235","l.allen (phi)","PF",65,1068,134,299,2,13,33,50,119,311,71,24,45,33,126,1,303,0,0,0,2,-209,NA,12.52,13.765928420882,1.24592842088202
"236","l.allen (ind)","PF",65,1068,134,299,2,13,33,50,119,311,71,24,45,33,126,1,303,0,0,0,2,-209,NA,12.52,13.765928420882,1.24592842088202
"237","k.seraphin (was)","PF",53,578,111,220,0,0,27,31,53,128,17,3,41,26,103,0,249,0,0,0,1,-31,NA,12.52,13.1699946038512,0.64999460385121
"238","a.brooks (den)","PG",72,1558,233,581,96,248,83,95,43,140,233,52,117,13,146,0,645,6,0,0,12,-93,NA,12.51,13.5636887535828,1.05368875358279
"239","m.miller (mem)","SF",82,1709,213,443,107,233,46,56,30,207,129,26,77,5,95,0,579,0,0,0,4,-51,NA,12.5,12.2207684759473,0.279231524052662
"240","w.chandler (den)","SG",62,1925,307,738,122,351,110,152,58,294,114,46,79,31,193,4,846,0,0,0,55,-173,NA,12.48,13.7138764401818,1.23387644018181
"241","a.kirilenko (brk)","SF",45,856,82,160,1,5,61,119,55,146,72,40,54,18,65,0,226,0,0,0,4,-50,NA,12.48,12.3574604275724,0.12253957242757
"242","j.smith (nop)","PF",31,826,131,282,0,0,39,50,51,181,29,11,28,29,100,3,301,1,0,0,27,-64,NA,12.47,12.8681286106925,0.398128610692492
"243","e.turner (phi)","SG",81,2453,435,1022,50,156,213,262,62,408,261,67,189,7,195,3,1133,9,0,0,56,-375,NA,12.43,13.6613433659878,1.23134336598777
"244","e.turner (ind)","SG",81,2453,435,1022,50,156,213,262,62,408,261,67,189,7,195,3,1133,9,0,0,56,-375,NA,12.43,13.6613433659878,1.23134336598777
"245","p.beverley (hou)","PG",57,1750,199,481,92,255,83,102,72,196,149,78,66,23,174,4,573,6,0,0,55,295,NA,12.43,13.3509097332514,0.920909733251426
"246","n.calathes (mem)","SG",71,1174,142,311,19,61,44,72,23,137,209,65,101,8,117,0,347,1,0,0,7,19,NA,12.36,12.5007037038859,0.140703703885858
"247","x.henry (lal)","SG",43,907,144,345,28,81,116,177,25,114,51,44,57,7,79,0,432,1,0,0,5,-38,NA,12.36,13.8713654475347,1.51136544753473
"248","k.martin (nyk)","PF",32,634,63,122,0,1,11,19,36,134,50,25,26,27,85,0,137,4,0,0,15,31,NA,12.25,12.4184303847256,0.168430384725553
"249","c.butler (okc)","SF",56,1416,213,540,98,249,63,75,21,229,82,47,61,17,120,1,587,0,0,0,13,-152,NA,12.24,12.965320320178,0.725320320177968
"250","a.randolph (den)","PF",43,527,68,175,18,61,52,69,19,121,32,26,39,19,64,0,206,1,0,0,5,-114,NA,12.23,13.7229764203605,1.49297642036054
"251","c.douglas-roberts (cha)","SF",49,1017,111,252,51,132,66,82,16,119,51,29,36,16,61,0,339,0,0,0,8,-10,NA,12.19,12.4616258772212,0.27162587722124
"252","r.sacre (lal)","C",65,1093,143,300,0,0,64,94,82,254,51,24,44,47,134,2,350,1,0,0,13,-153,NA,12.17,13.5419206715242,1.37192067152425
"253","t.ross (tor)","SG",81,2156,318,751,161,408,82,98,43,253,79,64,88,27,183,4,879,1,0,0,62,132,NA,12.09,12.4627333600519,0.372733360051948
"254","m.kidd-gilchrist (cha)","SF",62,1501,167,353,1,9,113,184,109,324,52,43,60,39,145,1,448,0,0,0,62,9,NA,12.07,12.3924993738068,0.322499373806796
"255","m.barnes (lac)","SF",63,1738,231,527,97,283,66,90,60,292,125,56,85,28,185,1,625,4,0,0,40,353,NA,12.05,13.1669485657043,1.11694856570426
"256","j.bayless (mem)","PG",72,1686,248,617,76,213,94,118,22,145,194,60,82,9,161,1,666,4,0,0,19,-97,NA,12.04,12.5262583873559,0.486258387355878
"257","j.bayless (bos)","PG",72,1686,248,617,76,213,94,118,22,145,194,60,82,9,161,1,666,4,0,0,19,-97,NA,12.04,12.5262583873559,0.486258387355878
"258","m.thornton (sac)","SG",72,1742,252,639,109,316,90,112,57,198,77,58,67,11,110,0,703,0,0,0,27,-32,NA,12,12.2641633498588,0.264163349858787
"259","m.thornton (brk)","SG",72,1742,252,639,109,316,90,112,57,198,77,58,67,11,110,0,703,0,0,0,27,-32,NA,12,12.2641633498588,0.264163349858787
"260","d.wright (por)","SF",68,981,111,296,69,202,52,69,29,191,64,23,39,16,62,0,343,0,0,0,13,54,NA,11.98,12.8398730848073,0.859873084807342
"261","j.crowder (dal)","SF",78,1258,130,296,50,151,46,61,46,194,60,59,41,21,100,0,356,2,0,0,8,243,NA,11.89,12.4696655651733,0.57966556517329
"262","r.jefferson (uta)","SF",82,2211,294,654,123,301,120,162,18,219,130,57,94,14,169,0,831,2,0,0,78,-413,NA,11.88,11.9583762739864,0.0783762739864269
"263","m.harkless (orl)","SF",80,1955,224,483,59,154,85,143,69,264,80,97,86,50,140,0,592,1,0,0,41,-308,NA,11.87,12.1980764257228,0.32807642572276
"264","m.williams (por)","PG",74,1835,280,672,83,225,78,89,42,153,321,55,149,10,197,1,721,4,0,0,0,73,NA,11.87,12.7337203808436,0.863720380843599
"265","k.singler (det)","SG",82,2335,269,602,94,246,152,184,116,303,75,61,79,38,211,2,784,0,0,0,36,-226,NA,11.86,12.3110091374184,0.451009137418415
"266","n.collison (okc)","PF",81,1357,134,241,4,17,66,93,116,293,104,30,71,28,187,0,338,2,0,0,0,333,NA,11.84,12.4866250041754,0.646625004175384
"267","p.antic (atl)","PF",50,928,123,294,56,171,50,66,57,209,59,19,55,12,126,0,352,2,0,0,26,131,NA,11.74,12.9586056367306,1.21860563673061
"268","i.smith (pho)","PG",70,1011,119,281,1,24,22,39,31,129,179,49,65,13,66,0,261,0,0,0,1,-10,NA,11.71,12.1790590231513,0.469059023151337
"269","r.evans (sac)","PF",54,898,71,150,0,0,72,130,115,334,21,37,58,3,119,1,214,2,0,0,20,-103,NA,11.69,12.2217519170044,0.531751917004449
"270","j.barea (min)","PG",79,1470,254,656,73,231,79,100,16,154,304,26,124,0,129,0,660,4,0,0,1,-99,NA,11.68,13.0512013506,1.3712013506
"271","a.rivers (nop)","SG",69,1340,192,474,36,99,110,173,26,129,160,45,77,9,134,0,530,3,0,0,4,-14,NA,11.6,11.8867305848642,0.286730584864181
"272","j.jack (cle)","PG",80,2253,286,698,63,185,125,149,22,223,325,55,133,22,133,0,760,2,0,0,31,-240,NA,11.57,11.95887947551,0.388879475509988
"273","m.webster (was)","SF",78,2164,254,587,146,372,105,125,38,223,97,41,58,15,150,1,759,0,0,0,13,-12,NA,11.56,11.9352678927255,0.375267892725509
"274","d.williams (sac)","PF",78,1816,206,481,26,99,186,259,71,323,56,48,76,20,114,0,624,0,0,0,15,-180,NA,11.53,11.8566987044868,0.326698704486793
"275","j.freeland (por)","PF",52,724,77,161,0,2,20,29,87,207,36,10,33,22,95,0,174,1,0,0,0,27,NA,11.34,12.0908499852431,0.750849985243097
"276","k.bazemore (lal)","SG",67,912,147,343,43,128,66,109,10,117,92,43,79,13,102,0,403,0,0,0,15,-251,NA,11.28,12.7256125815592,1.44561258155921
"277","o.mayo (mil)","SG",52,1348,224,550,84,227,76,88,25,125,113,28,95,13,111,0,608,5,0,0,23,-357,NA,11.27,11.6892102421068,0.41921024210683
"278","m.bonner (sas)","PF",61,697,73,164,42,98,9,12,16,131,31,15,16,11,49,0,197,0,0,0,0,112,NA,11.27,11.9422094367719,0.67220943677188
"279","s.adams (okc)","C",81,1200,93,185,0,0,79,136,142,332,44,40,71,57,203,3,265,1,0,0,20,57,NA,11.25,11.97422711595,0.724227115950002
"280","e.moore (orl)","SG",79,1506,195,456,57,161,52,68,29,136,112,60,55,13,106,0,499,0,0,0,3,-147,NA,11.18,11.6705806790558,0.490580679055775
"281","j.ayres (sas)","PF",73,952,101,174,0,0,38,55,89,257,60,13,63,25,146,0,240,0,0,0,10,113,NA,11.16,11.9565603338445,0.796560333844537
"282","j.thompson (sac)","PF",82,2011,251,496,0,0,84,145,153,527,52,32,95,56,251,5,586,9,0,0,61,-9,NA,11.14,11.4307177800925,0.290717780092489
"283","s.novak (tor)","SF",54,545,60,146,52,122,6,6,8,58,13,12,5,4,44,0,178,0,0,0,1,72,NA,11.1,11.3215639068661,0.221563906866056
"284","w.johnson (lal)","SG",79,2241,277,651,100,271,61,77,70,348,124,86,90,77,207,1,715,0,0,0,62,-374,NA,11.08,12.4886994896627,1.40869948966265
"285","c.martin (atl)","SF",59,873,111,264,59,151,48,65,13,110,34,27,34,7,71,0,329,0,0,0,6,-126,NA,11.05,12.0225247229691,0.972524722969077
"286","c.martin (chi)","SF",59,873,111,264,59,151,48,65,13,110,34,27,34,7,71,0,329,0,0,0,6,-126,NA,11.05,12.0225247229691,0.972524722969077
"287","s.blake (lal)","PG",55,1496,133,353,79,210,33,43,13,159,307,53,102,8,85,0,378,0,0,0,28,-174,NA,11.01,12.0997003157807,1.08970031578075
"288","a.tolliver (cha)","PF",64,1300,129,307,102,247,33,41,33,168,42,19,23,15,82,0,393,0,0,0,9,75,NA,11.01,11.2512413904923,0.241241390492304
"289","j.anderson (phi)","SG",80,2307,309,717,115,351,77,106,59,300,150,74,106,28,154,0,810,0,0,0,62,-543,NA,10.92,12.0405513888609,1.12055138886086
"290","d.granger (ind)","SF",41,848,116,307,43,128,63,67,31,133,41,12,46,17,62,0,338,0,0,0,2,96,NA,10.9,11.4357200104741,0.535720010474053
"291","d.granger (lac)","SF",41,848,116,307,43,128,63,67,31,133,41,12,46,17,62,0,338,0,0,0,2,96,NA,10.9,11.4357200104741,0.535720010474053
"292","g.antetokounmpo (mil)","SG",77,1899,173,418,41,118,138,202,78,339,149,60,122,61,173,2,525,2,0,0,23,-177,NA,10.82,11.1253375495735,0.305337549573458
"293","k.hinrich (chi)","SG",73,2120,243,619,85,242,95,125,31,192,285,80,120,26,203,2,666,3,0,0,61,145,NA,10.8,11.3265348865726,0.526534886572644
"294","c.johnson (bos)","SF",40,790,85,214,43,127,37,43,31,97,32,27,22,4,63,0,250,0,0,0,0,12,NA,10.8,11.3947183399899,0.594718339989875
"295","d.motiejunas (hou)","PF",62,952,131,296,21,84,58,96,60,225,34,20,49,21,132,4,341,0,0,0,3,53,NA,10.76,11.6579976997122,0.897997699712182
"296","r.lewis (mia)","PF",60,975,98,236,46,134,26,33,24,110,57,53,35,8,90,0,268,1,0,0,6,53,NA,10.74,11.1353446261661,0.39534462616615
"297","m.dellavedova (cle)","SG",72,1276,122,296,57,154,38,48,30,124,186,34,60,5,121,0,339,1,0,0,4,72,NA,10.69,11.2185997897994,0.528599789799372
"298","u.haslem (mia)","PF",46,653,74,146,0,0,25,44,42,175,14,11,24,15,79,1,173,1,0,0,18,-67,NA,10.57,10.943502525758,0.373502525758042
"299","t.sefolosha (okc)","SG",61,1589,141,340,48,152,53,69,50,219,95,79,55,17,90,0,383,0,0,0,61,120,NA,10.42,11.1202129818351,0.700212981835113
"300","t.outlaw (sac)","SF",63,1068,130,326,41,117,42,52,36,168,48,20,26,19,94,0,343,0,0,0,4,-101,NA,10.42,10.8147481913933,0.394748191393258
"301","e.fournier (den)","SG",76,1502,228,544,89,237,93,123,34,202,114,34,100,7,179,1,638,1,0,0,4,12,NA,10.36,11.6078766239001,1.24787662390013
"302","a.goodwin (pho)","SG",52,533,76,167,5,36,37,55,25,87,20,20,44,11,45,0,194,0,0,0,0,-88,NA,10.34,10.5899150286979,0.249915028697938
"303","a.shved (min)","PG",63,667,76,237,30,102,68,90,21,81,68,26,48,16,36,0,250,0,0,0,0,-35,NA,10.27,11.347151584075,1.07715158407496
"304","i.mahinmi (ind)","C",77,1253,91,189,0,1,90,145,107,257,25,41,58,72,207,1,272,1,0,0,1,8,NA,10.18,10.5263542271492,0.346354227149243
"305","n.mohammed (chi)","C",80,562,54,126,0,0,16,30,66,175,20,14,37,30,77,0,124,1,0,0,1,-15,NA,10.18,10.6828901985587,0.502890198558717
"306","q.acy (sac)","SF",63,852,66,141,4,15,35,53,71,215,28,23,30,26,122,1,171,5,0,0,0,-134,NA,10.14,10.6201985269437,0.480198526943662
"307","p.jones (okc)","SF",62,767,83,181,22,61,28,42,28,114,26,14,21,19,62,0,216,0,0,0,7,54,NA,10.14,10.6259585519687,0.485958551968709
"308","d.fisher (okc)","PG",81,1430,141,361,88,229,55,71,12,122,117,70,49,3,157,0,425,4,0,0,0,237,NA,10.09,11.0020405509315,0.912040550931469
"309","c.hayes (tor)","PF",61,755,56,130,0,1,20,25,69,210,35,34,33,12,95,1,132,0,0,0,1,60,NA,10.04,10.7703204618517,0.730320461851655
"310","g.wallace (bos)","SF",58,1418,116,230,19,64,47,101,36,212,143,73,97,14,79,0,298,4,0,0,16,-172,NA,10.02,10.3431852992285,0.32318529922849
"311","a.nicholson (orl)","PF",76,1172,180,420,28,89,47,57,53,255,25,18,51,23,150,2,435,1,0,0,5,-153,NA,9.9,10.6657214793942,0.765721479394196
"312","h.barnes (gsw)","SF",78,2207,271,678,66,190,130,181,66,311,116,65,84,20,158,0,738,0,0,0,24,-51,NA,9.85,10.7305804813049,0.880580481304943
"313","g.stiemsma (nop)","C",55,1007,70,122,0,1,19,32,72,226,36,35,44,57,169,3,159,4,0,0,20,-171,NA,9.75,10.2403376090705,0.490337609070504
"314","a.harrington (was)","PF",34,513,82,207,34,100,27,35,15,80,28,14,34,0,72,0,225,0,0,0,0,46,NA,9.75,10.6591002504211,0.909100250421057
"315","r.mccallum (sac)","PG",45,898,113,300,22,59,32,43,18,79,120,22,39,9,69,0,280,0,0,0,10,-95,NA,9.74,10.1314705997305,0.391470599730511
"316","c.budinger (min)","SF",41,754,100,254,42,120,32,39,19,103,31,19,24,2,58,0,274,0,0,0,8,-1,NA,9.73,10.876540045321,1.14654004532095
"317","r.hummel (min)","SF",53,651,67,177,32,89,15,16,35,132,23,17,10,2,57,0,181,0,0,0,5,36,NA,9.67,10.9980223970599,1.32802239705991
"318","i.shumpert (nyk)","SG",74,1962,183,484,76,228,53,71,81,308,129,92,79,13,209,1,495,1,0,0,58,154,NA,9.66,10.0398805071193,0.379880507119266
"319","s.williams (lal)","SF",36,754,73,192,42,129,14,20,25,167,30,19,21,30,93,2,202,2,0,0,13,25,NA,9.51,10.9452672884244,1.4352672884244
"320","a.anderson (brk)","SG",78,1770,194,485,84,248,92,118,40,175,80,48,62,11,147,0,564,2,0,0,26,-52,NA,9.5,9.82943314142033,0.329433141420333
"321","h.thompson (phi)","SF",77,1742,171,372,67,167,52,73,73,247,73,53,60,12,144,0,461,0,0,0,41,-360,NA,9.5,10.526291874341,1.02629187434099
"322","k.caldwell-pope (det)","SG",80,1582,182,460,59,185,47,61,38,156,55,75,28,12,145,0,470,1,0,0,41,-60,NA,9.46,10.2158611050379,0.755861105037928
"323","d.arthur (den)","PF",69,1164,162,410,24,64,53,62,52,210,61,39,58,47,185,3,401,3,0,0,1,74,NA,9.41,10.8374664577732,1.42746645777319
"324","f.garcia (hou)","SG",55,1083,118,294,69,193,10,19,21,122,63,27,30,33,120,1,315,1,0,0,4,32,NA,9.37,10.1780187612133,0.808018761213299
"325","t.douglas (mia)","PG",51,677,73,190,31,102,25,34,18,86,68,19,34,5,81,0,202,0,0,0,17,-12,NA,9.2,9.81915246356278,0.619152463562779
"326","e.clark (cle)","SF",54,769,97,261,41,122,22,34,22,143,18,17,31,25,67,0,257,0,0,0,17,-136,NA,9.09,9.62695006726658,0.536950067266577
"327","d.miller (nop)","SF",45,726,73,166,25,77,29,36,9,52,43,23,22,9,88,0,200,0,0,0,7,51,NA,9.06,9.39823084814876,0.338230848148758
"328","l.ridnour (mil)","PG",61,1138,126,327,37,108,17,26,23,97,177,32,66,8,92,0,306,1,0,0,14,-202,NA,9.01,9.54630787838488,0.536307878384884
"329","l.ridnour (cha)","PG",61,1138,126,327,37,108,17,26,23,97,177,32,66,8,92,0,306,1,0,0,14,-202,NA,9.01,9.54630787838488,0.536307878384884
"330","j.dudley (lac)","SG",74,1730,196,447,81,225,38,58,36,160,104,41,56,10,146,0,511,0,0,0,43,210,NA,8.91,9.76559009094104,0.855590090941039
"331","n.cole (mia)","PG",82,2012,207,500,60,174,53,68,17,160,247,77,128,5,156,0,527,2,0,0,6,105,NA,8.8,9.13137994825944,0.331379948259441
"332","p.pressey (bos)","PG",75,1129,78,253,28,106,29,45,20,105,240,68,87,5,97,1,213,0,0,0,11,-39,NA,8.78,9.58306465320106,0.803064653201064
"333","e.williams (phi)","SG",67,1157,140,337,37,125,87,119,30,130,72,35,68,3,126,0,404,0,0,0,2,-366,NA,8.71,9.82808957605877,1.11808957605877
"334","s.battier (mia)","SF",73,1467,105,275,73,210,15,23,34,137,63,50,22,39,124,0,298,0,0,0,56,195,NA,8.7,8.94941359376687,0.249413593766871
"335","a.gee (cle)","SG",65,1021,98,237,19,59,43,61,35,149,47,39,44,15,96,0,258,0,0,0,24,-228,NA,8.63,9.18160238209011,0.551602382090106
"336","q.miller (den)","SF",52,788,94,256,30,94,39,55,36,147,26,22,48,32,70,0,257,0,0,0,16,-60,NA,8.62,9.67457782722335,1.05457782722335
"337","l.mbahamoute (sac)","SF",64,1002,87,193,4,17,46,67,56,146,36,31,40,14,68,2,224,0,0,0,7,-152,NA,8.42,9.13614718731736,0.716147187317363
"338","l.mbahamoute (min)","SF",64,1002,87,193,4,17,46,67,56,146,36,31,40,14,68,2,224,0,0,0,7,-152,NA,8.42,9.13614718731736,0.716147187317363
"339","t.prince (mem)","SF",76,1949,200,492,20,69,34,60,32,234,119,39,41,19,63,0,454,0,0,0,76,43,NA,8.18,8.24488339701796,0.0648833970179563
"340","t.snell (chi)","SF",77,1235,129,336,57,178,31,41,19,124,68,29,44,15,84,0,346,0,0,0,12,-115,NA,8.02,8.49004429301052,0.470044293010524
"341","j.salmons (sac)","SF",78,1725,150,413,63,163,40,52,20,163,147,47,54,19,124,0,403,1,0,0,8,-8,NA,7.81,8.28683680147826,0.476836801478261
"342","j.salmons (tor)","SF",78,1725,150,413,63,163,40,52,20,163,147,47,54,19,124,0,403,1,0,0,8,-8,NA,7.81,8.28683680147826,0.476836801478261
"343","g.temple (was)","SG",75,644,51,141,6,29,30,43,21,68,72,35,42,11,72,0,138,0,0,0,0,-86,NA,7.81,8.53713836446584,0.727138364465842
"344","b.mclemore (sac)","SG",82,2185,255,679,95,297,115,143,53,235,83,45,96,18,201,1,720,2,0,0,55,-206,NA,7.77,8.20893120278994,0.438931202789936
"345","e.udoh (mil)","PF",43,804,57,143,0,0,30,47,61,148,31,15,38,44,96,0,144,0,0,0,14,-169,NA,7.62,7.99195370682089,0.371953706820893
"346","d.lamb (orl)","SG",53,697,63,160,36,90,29,36,8,49,43,11,27,1,54,1,191,0,0,0,0,-2,NA,7.51,7.8995951790043,0.3895951790043
"347","b.davies (phi)","PF",51,573,54,128,2,10,34,53,38,109,28,24,35,8,92,1,144,0,0,0,0,-32,NA,7.49,8.80819259541361,1.31819259541361
"348","j.terry (brk)","SG",35,570,55,152,39,103,10,15,4,37,56,13,27,0,48,0,159,1,0,0,0,-66,NA,7.48,7.86697870916842,0.38697870916842
"349","w.green (lac)","SG",55,870,102,271,41,121,28,34,12,78,50,22,34,11,96,0,273,0,0,0,9,82,NA,7.13,8.22268844162069,1.09268844162069
"350","d.garrett (uta)","SG",71,1050,101,265,36,96,10,12,11,97,120,41,75,5,75,0,248,0,0,0,0,-116,NA,7.1,7.49765941477714,0.39765941477714
"351","a.bennett (cle)","PF",52,666,80,225,13,53,44,69,49,155,17,21,47,8,93,1,217,1,0,0,0,-83,NA,6.95,7.78979319843244,0.839793198432436
"352","k.perkins (okc)","C",62,1206,87,194,0,2,37,67,82,305,67,26,91,32,177,0,211,10,0,0,62,44,NA,6.32,7.04721861864179,0.727218618641789
"353","j.taylor (cha)","SF",26,629,82,218,18,67,26,47,15,60,22,13,25,5,62,0,208,0,0,0,8,-75,NA,5.97,6.58344242120509,0.61344242120509
"354","d.schroder (atl)","PG",49,641,72,188,10,42,29,43,5,60,93,17,61,0,54,0,183,0,0,0,0,-205,NA,5.81,6.79813189624025,0.988131896240247
"355","j.lucas (uta)","PG",42,589,62,190,25,84,10,16,12,39,42,14,22,0,41,0,159,0,0,0,6,-168,NA,5.23,5.71773529662478,0.487735296624784
