Player,PS,GP,Min,Pts,FGM,FGA,3M,3A,FTM,FTA,OR,TR,AS,ST,TO,BK,PF,DQ,PTS,TC,EJ,FF,Sta,+/-,OE,PER,PER,Var,,FGM_Weight,FGA_Weight,ThrPTM_Weight,FTM_Weight,Blk_Weight,OffReb_Weight,Ast_Weight,DefReb_Weight,Foul_Weight,FTA_Weight,Stl_Weight,TO_Weight,,,,,
d.jordan (lac),C,82,2872,536,348,515,0,0,160,374,331,1114,75,80,123,203,264,2,856,7,0,0,82,493,1.107,18.19,18.76833748,0.578337484,,3.534005716,1.091600799,1.449853942,2.074151336,1.020691649,1.132367194,1.002983237,0.44830795,0.392726959,0.710666084,1.735893006,1.611802748,,,,,
b.biyombo (cha),PF,77,1073,130,88,144,0,0,46,89,105,366,8,7,40,86,124,1,222,1,0,0,9,-46,1.103,13.33,13.2562956,0.073704397,,,,,,,,,,,,,,,,,,
a.drummond (det),C,81,2614,821,479,769,0,2,137,328,440,1071,35,102,109,131,273,3,1095,9,0,0,81,-234,1.087,22.65,22.83532288,0.185322878,,,,,,,,,,,,,,,,,,
r.lopez (por),C,82,2611,512,355,644,0,1,198,242,326,698,73,26,84,139,196,2,908,6,0,0,82,314,0.901,17.68,17.96577202,0.285772021,,,,,,,,,,,,,,,,,,
c.andersen (mia),C,72,1396,243,177,275,3,12,120,169,129,379,19,32,53,97,162,1,477,1,0,0,0,162,0.899,18.56,18.12551179,0.43448821,,,,,,,,,,,,,,,,,,
r.turiaf (min),C,31,608,107,64,107,0,0,21,50,55,174,23,8,24,50,65,1,149,0,0,0,10,-23,0.879,13.84,14.41948291,0.579482905,,,,,,,,,,,,,,,Obj,Min Var,0.183206055,
s.adams (okc),C,81,1200,107,93,185,0,0,79,136,142,332,44,40,71,57,203,3,265,1,0,0,20,57,0.867,11.25,11.87690176,0.626901762,,,,,,,,,,,,,,,,,,
b.wright (dal),C,58,1083,371,224,331,0,0,77,106,102,244,31,32,35,55,94,0,525,0,0,0,0,123,0.864,23.6,23.43007215,0.16992785,,,,,,,,,,,,,,,Constraints,,,
a.bogut (gsw),C,67,1770,448,235,375,0,0,22,64,181,670,113,48,97,119,210,3,492,7,0,0,67,308,0.861,17.11,17.83645042,0.726450419,,,,,,,,,,,,,,,,,,
t.chandler (nyk),C,55,1665,284,191,322,0,1,98,155,159,529,60,37,71,63,145,2,480,8,0,0,55,13,0.854,16.48,15.98998989,0.490010113,,,,,,,,,,,,,,,,Avg,14.9,15.1
s.dalembert (dal),C,80,1614,327,214,377,0,1,101,137,200,541,38,41,90,94,210,0,529,1,0,0,68,19,0.826,16.88,17.21551303,0.335513033,,,,,,,,,,,,,,,,AVg,14.9,
g.stiemsma (nop),C,55,1007,121,70,122,0,1,19,32,72,226,36,35,44,57,169,3,159,4,0,0,20,-171,0.815,9.75,10.14310308,0.393103081,,,,,,,,,,,,,,,,,,
r.evans (sac),PF,54,898,70,71,150,0,0,72,130,115,334,21,37,58,3,119,1,214,2,0,0,20,-103,0.807,11.69,12.19035809,0.500358091,,,,,,,,,,,,,,,,,,
n.collison (okc),PF,81,1357,214,134,241,4,17,66,93,116,293,104,30,71,28,187,0,338,2,0,0,0,333,0.793,11.84,12.44978683,0.609786833,,,,,,,,,,,,,,,,,,
j.freeland (por),PF,52,724,134,77,161,0,2,20,29,87,207,36,10,33,22,95,0,174,1,0,0,0,27,0.79,11.34,12.02301656,0.683016565,,,,,,,,,,,,,,,,,,
t.hansbrough (tor),PF,64,981,60,93,196,0,2,126,185,120,287,17,28,47,19,132,0,312,5,0,0,4,-5,0.786,14.2,14.36479743,0.164797434,,,,,,,,,,,,,,,,,,
j.ayres (sas),PF,73,952,164,101,174,0,0,38,55,89,257,60,13,63,25,146,0,240,0,0,0,10,113,0.774,11.16,11.91281121,0.752811205,,,,,,,,,,,,,,,,,,
m.plumlee (brk),PF,70,1275,276,199,302,0,3,122,195,99,308,60,49,77,55,171,3,520,0,0,0,22,-87,0.762,19.09,18.84935617,0.240643826,,,,,,,,,,,,,,,,,,
t.booker (was),PF,72,1553,397,222,403,0,2,47,76,149,379,64,41,58,45,131,0,491,2,0,0,45,-55,0.761,15.02,15.3063919,0.286391898,,,,,,,,,,,,,,,,,,
a.varejao (cle),PF,65,1803,362,227,459,0,7,92,135,187,629,140,69,72,39,164,2,546,1,0,0,29,64,0.758,17.05,17.52381489,0.473814894,,,,,,,,,,,,,,,,,,
j.withey (nop),C,58,687,86,69,129,0,1,52,73,49,150,26,15,20,50,73,0,190,0,0,0,4,29,0.754,15.25,15.00793536,0.242064643,,,,,,,,,,,,,,,,,,
j.hill (lal),C,72,1501,448,286,521,0,1,124,181,194,535,54,29,75,65,172,2,696,1,0,0,32,-304,0.746,19.39,21.05016646,1.660166459,,,,,,,,,,,,,,,,,,
j.vesely (was),SF,54,775,159,89,173,0,0,19,56,81,191,22,53,36,35,121,3,197,0,0,0,1,-109,0.74,12.71,13.6807168,0.970716795,,,,,,,,,,,,,,,,,,
j.vesely (den),SF,54,775,159,89,173,0,0,19,56,81,191,22,53,36,35,121,3,197,0,0,0,1,-109,0.74,12.71,13.6807168,0.970716795,,,,,,,,,,,,,,,,,,
j.evans (uta),SF,66,1208,299,175,332,0,2,51,75,120,309,44,42,40,46,139,2,401,0,0,0,4,-177,0.74,16.27,16.22331085,0.046689147,,,,,,,,,,,,,,,,,,
o.asik (hou),C,48,964,124,101,190,0,0,78,126,102,379,27,14,59,37,92,1,280,0,0,0,19,58,0.736,14.05,14.85149946,0.801499457,,,,,,,,,,,,,,,,,,
q.acy (sac),SF,63,852,109,66,141,4,15,35,53,71,215,28,23,30,26,122,1,171,5,0,0,0,-134,0.734,10.14,10.54981158,0.409811585,,,,,,,,,,,,,,,,,,
j.adrien (mil),SF,53,963,210,143,275,0,0,76,119,102,306,38,24,39,36,108,0,362,2,0,0,12,-72,0.724,17.49,17.59891243,0.10891243,,,,,,,,,,,,,,,,,,
p.prigioni (nyk),PG,66,1284,360,88,191,65,140,11,12,36,129,228,67,60,2,132,0,252,2,0,0,27,32,0.713,13.02,13.08009998,0.060099979,,,,,,,,,,,,,,,,,,
j.noah (chi),C,80,2818,513,380,800,0,2,247,335,282,901,431,99,194,123,245,2,1007,12,0,0,80,230,0.71,20.06,20.12807305,0.068073046,,,,,,,,,,,,,,,,,,
c.hayes (tor),PF,61,755,92,56,130,0,1,20,25,69,210,35,34,33,12,95,1,132,0,0,0,1,60,0.705,10.04,10.71326619,0.673266188,,,,,,,,,,,,,,,,,,
i.mahinmi (ind),C,77,1253,92,91,189,0,1,90,145,107,257,25,41,58,72,207,1,272,1,0,0,1,8,0.703,10.18,10.41527379,0.235273788,,,,,,,,,,,,,,,,,,
g.dieng (min),C,60,821,170,113,227,1,1,59,93,103,300,39,30,54,50,108,0,286,0,0,0,15,-40,0.7,16.58,17.7557357,1.175735704,,,,,,,,,,,,,,,,,,
d.blair (dal),C,78,1217,343,210,393,0,2,77,121,139,368,70,60,77,21,192,1,497,1,0,0,13,-12,0.698,17.33,18.04287387,0.712873874,,,,,,,,,,,,,,,,,,
k.martin (nyk),PF,32,634,115,63,122,0,1,11,19,36,134,50,25,26,27,85,0,137,4,0,0,15,31,0.698,12.25,12.34674626,0.096746264,,,,,,,,,,,,,,,,,,
t.splitter (sas),PF,59,1272,241,181,346,0,3,121,173,123,363,90,29,76,31,117,0,483,0,0,0,50,266,0.697,16.58,17.19457063,0.614570629,,,,,,,,,,,,,,,,,,
l.allen (phi),PF,65,1068,241,134,299,2,13,33,50,119,311,71,24,45,33,126,1,303,0,0,0,2,-209,0.693,12.52,13.69217905,1.172179051,,,,,,,,,,,,,,,,,,
l.allen (ind),PF,65,1068,241,134,299,2,13,33,50,119,311,71,24,45,33,126,1,303,0,0,0,2,-209,0.693,12.52,13.69217905,1.172179051,,,,,,,,,,,,,,,,,,
h.sims (phi),C,46,877,170,130,274,0,1,90,121,104,237,52,28,41,20,116,1,350,0,0,0,25,-138,0.692,16.14,17.43636444,1.296364444,,,,,,,,,,,,,,,,,,
e.davis (mem),PF,63,956,263,155,290,0,0,47,89,92,260,27,17,40,43,114,0,357,2,0,0,4,52,0.687,15.99,15.57566993,0.414330066,,,,,,,,,,,,,,,,,,
e.brand (atl),PF,73,1416,297,179,332,0,2,61,94,97,361,74,40,60,88,192,0,419,1,0,0,15,-60,0.686,14.05,14.93453345,0.884533449,,,,,,,,,,,,,,,,,,
n.pekovic (min),C,54,1665,572,379,701,0,0,186,249,206,468,49,30,84,23,129,0,944,2,0,0,54,280,0.682,20.72,21.9877484,1.267748399,,,,,,,,,,,,,,,,,,
a.ajinca (nop),C,56,952,216,136,250,0,1,56,67,94,277,40,23,63,46,187,3,328,0,0,0,30,-99,0.68,14.62,14.94489419,0.324894189,,,,,,,,,,,,,,,,,,
a.johnson (tor),PF,77,2214,657,344,612,20,66,91,143,172,504,115,56,123,88,271,5,799,1,0,0,72,198,0.677,15.44,15.4973775,0.057377499,,,,,,,,,,,,,,,,,,
t.zeller (cle),PF,70,1050,225,156,290,0,1,87,121,102,281,35,18,60,38,137,1,399,1,0,0,9,-5,0.675,15.43,15.59238086,0.162380864,,,,,,,,,,,,,,,,,,
t.jones (hou),PF,76,2083,747,386,713,31,102,118,195,162,528,87,54,71,99,139,0,921,1,0,0,71,125,0.667,19.14,19.62556034,0.485560338,,,,,,,,,,,,,,,,,,
k.faried (den),SF,80,2179,692,447,820,0,3,202,311,237,683,95,70,135,69,193,0,1096,5,0,0,77,-158,0.667,19.9,21.06752053,1.167520529,,,,,,,,,,,,,,,,,,
a.kirilenko (brk),SF,45,856,106,82,160,1,5,61,119,55,146,72,40,54,18,65,0,226,0,0,0,4,-50,0.667,12.48,12.32620808,0.153791923,,,,,,,,,,,,,,,,,,
j.henson (mil),PF,70,1858,597,344,639,0,1,91,177,171,497,113,41,114,116,185,0,779,4,0,0,23,-428,0.658,17.97,17.77515495,0.194845052,,,,,,,,,,,,,,,,,,
a.miller (den),PG,58,988,185,106,231,11,21,60,77,28,130,197,34,61,9,75,1,283,1,0,0,2,47,0.657,13.9,14.63585905,0.735859049,,,,,,,,,,,,,,,,,,
a.miller (was),PG,58,988,185,106,231,11,21,60,77,28,130,197,34,61,9,75,1,283,1,0,0,2,47,0.657,13.9,14.63585905,0.735859049,,,,,,,,,,,,,,,,,,
m.gortat (was),C,81,2660,756,455,840,1,1,157,229,202,767,136,41,126,121,201,2,1068,3,0,0,80,292,0.657,17.66,17.79396022,0.133960222,,,,,,,,,,,,,,,,,,
k.koufos (mem),C,80,1351,394,227,459,0,0,60,93,160,418,39,32,68,71,182,1,514,3,0,0,22,37,0.655,16.54,16.23361167,0.306388332,,,,,,,,,,,,,,,,,,
z.pachulia (mil),C,53,1322,188,149,349,0,1,110,130,141,333,136,45,92,14,124,0,408,4,0,0,43,-181,0.654,14.03,14.4335852,0.403585197,,,,,,,,,,,,,,,,,,
c.paul (lac),PG,62,2168,751,406,870,78,212,295,345,38,268,663,154,145,4,157,1,1185,10,0,0,62,530,0.652,25.98,27.58888779,1.608887787,,,,,,,,,,,,,,,,,,
d.howard (hou),C,71,2396,603,473,801,2,7,349,638,232,866,130,60,229,128,240,0,1297,13,0,0,71,341,0.65,21.36,21.64800269,0.288002687,,,,,,,,,,,,,,,,,,
t.thompson (cle),PF,82,2591,491,363,761,0,1,235,339,269,754,72,42,108,35,188,0,961,0,0,0,82,-228,0.647,14.96,15.19991171,0.239911707,,,,,,,,,,,,,,,,,,
j.mcroberts (cha),PF,78,2365,747,247,566,105,291,62,85,85,373,334,58,83,46,189,0,661,3,0,0,78,37,0.647,13.82,14.08079258,0.26079258,,,,,,,,,,,,,,,,,,
j.valanciunas (tor),C,81,2283,520,359,676,0,1,198,260,225,712,58,24,136,71,249,1,916,6,0,0,81,91,0.647,16.17,16.22610505,0.056105049,,,,,,,,,,,,,,,,,,
m.plumlee (pho),PF,80,1963,498,286,553,0,0,74,132,198,626,43,50,111,90,185,2,646,0,0,0,79,47,0.646,14.6,14.83549269,0.235492689,,,,,,,,,,,,,,,,,,
l.sanders (mil),C,23,586,126,76,162,0,1,26,55,60,165,19,18,26,40,74,3,178,5,0,0,20,-111,0.646,14.02,14.08434751,0.064347507,,,,,,,,,,,,,,,,,,
k.humphries (bos),PF,69,1381,345,231,462,0,3,117,144,127,409,67,31,64,61,136,1,579,2,0,0,30,-178,0.639,18.28,18.52326645,0.243266448,,,,,,,,,,,,,,,,,,
j.hickson (den),PF,69,1859,514,332,654,0,8,150,290,206,632,95,47,127,51,177,0,814,1,0,0,52,-189,0.637,16.27,17.32405628,1.054056283,,,,,,,,,,,,,,,,,,
a.horford (atl),PF,29,960,430,238,420,4,11,58,85,66,244,75,27,64,44,56,0,538,1,0,0,29,73,0.635,22.08,22.9263579,0.846357899,,,,,,,,,,,,,,,,,,
s.ibaka (okc),PF,81,2667,961,524,978,23,60,156,199,224,709,84,39,122,219,233,0,1227,9,0,0,81,405,0.633,19.66,19.94477695,0.284776947,,,,,,,,,,,,,,,,,,
n.mohammed (chi),C,80,562,92,54,126,0,0,16,30,66,175,20,14,37,30,77,0,124,1,0,0,1,-15,0.632,10.18,10.56164146,0.381641457,,,,,,,,,,,,,,,,,,
n.vucevic (orl),C,57,1814,601,353,696,0,0,105,137,185,626,104,60,112,47,169,4,811,3,0,0,57,-177,0.629,18.85,19.28829022,0.438290224,,,,,,,,,,,,,,,,,,
a.iguodala (gsw),SG,63,2041,540,220,458,62,175,86,132,52,292,262,95,100,19,103,0,588,0,0,0,63,567,0.628,13.71,14.45024344,0.740243438,,,,,,,,,,,,,,,,,,
k.marshall (lal),PG,55,1568,534,170,419,71,178,19,36,15,155,477,48,150,4,76,0,430,0,0,0,45,-172,0.628,12.66,13.80618662,1.146186624,,,,,,,,,,,,,,,,,,
d.favors (uta),PF,73,2202,590,390,747,0,1,190,284,199,637,91,75,129,108,235,1,970,0,0,0,73,-339,0.626,19.01,18.73250672,0.277493281,,,,,,,,,,,,,,,,,,
j.o'neal (gsw),C,44,882,151,125,248,0,0,99,132,85,242,25,14,52,41,102,0,349,9,0,0,13,24,0.625,15.34,16.12315576,0.783155759,,,,,,,,,,,,,,,,,,
t.robinson (por),PF,70,877,225,141,294,0,1,57,101,105,307,34,23,57,20,131,1,339,3,0,0,0,-87,0.625,14.15,14.96301427,0.813014271,,,,,,,,,,,,,,,,,,
r.rubio (min),PG,82,2636,415,255,670,44,133,227,283,61,342,702,190,222,11,218,2,781,2,0,0,82,381,0.624,15.35,16.83697456,1.486974558,,,,,,,,,,,,,,,,,,
s.livingston (brk),PG,76,1976,315,235,487,1,6,158,191,67,246,245,93,105,32,172,1,629,1,0,0,54,61,0.623,14.52,14.71049026,0.190490258,,,,,,,,,,,,,,,,,,
t.mozgov (den),C,82,1774,386,285,545,4,24,196,260,171,528,62,27,122,100,213,3,770,5,0,0,30,23,0.622,16.77,17.78789527,1.017895267,,,,,,,,,,,,,,,,,,
r.sacre (lal),C,65,1093,222,143,300,0,0,64,94,82,254,51,24,44,47,134,2,350,1,0,0,13,-153,0.62,12.17,13.46271894,1.292718943,,,,,,,,,,,,,,,,,,
u.haslem (mia),PF,46,653,123,74,146,0,0,25,44,42,175,14,11,24,15,79,1,173,1,0,0,18,-67,0.62,10.57,10.90812771,0.33812771,,,,,,,,,,,,,,,,,,
b.lopez (brk),C,17,533,164,129,229,0,1,94,115,39,102,16,9,28,30,52,0,352,0,0,0,17,-23,0.62,25.5,24.87047821,0.62952179,,,,,,,,,,,,,,,,,,
a.davis (nop),PF,67,2360,702,522,1005,2,9,348,440,207,673,105,89,109,189,200,1,1394,3,0,0,66,-114,0.62,26.54,26.05961508,0.480384917,,,,,,,,,,,,,,,,,,
j.thompson (sac),PF,82,2011,418,251,496,0,0,84,145,153,527,52,32,95,56,251,5,586,9,0,0,61,-9,0.618,11.14,11.38862845,0.248628453,,,,,,,,,,,,,,,,,,
k.o'quinn (orl),PF,69,1186,315,186,371,0,3,57,83,100,364,78,39,78,88,165,1,429,1,0,0,19,-32,0.618,16.52,16.93703109,0.417031095,,,,,,,,,,,,,,,,,,
l.james (mia),SF,77,2903,1443,767,1353,116,306,439,585,81,533,488,121,270,26,126,1,2089,5,0,0,77,409,0.618,29.4,28.60402925,0.795970754,,,,,,,,,,,,,,,,,,
b.diaw (sas),PF,79,1974,671,302,580,45,112,68,92,74,325,222,44,121,32,140,0,717,0,0,0,24,317,0.617,14.12,14.75291279,0.632912787,,,,,,,,,,,,,,,,,,
c.joseph (sas),PG,68,941,209,126,265,12,38,79,96,32,107,114,35,43,14,84,0,343,0,0,0,19,-3,0.615,14.72,15.45454495,0.734544953,,,,,,,,,,,,,,,,,,
g.monroe (det),C,82,2693,767,504,1015,0,1,241,367,256,760,171,91,167,47,205,2,1249,8,0,0,82,-152,0.615,18.16,18.45513905,0.295139048,,,,,,,,,,,,,,,,,,
m.kidd-gilchrist (cha),SF,62,1501,224,167,353,1,9,113,184,109,324,52,43,60,39,145,1,448,0,0,0,62,9,0.615,12.07,12.34257085,0.272570847,,,,,,,,,,,,,,,,,,
a.aminu (nop),SF,80,2044,416,234,494,13,48,91,137,130,497,114,82,88,37,147,1,572,0,0,0,65,-252,0.615,13.19,13.43759227,0.247592274,,,,,,,,,,,,,,,,,,
d.cunningham (min),PF,81,1635,436,237,510,0,6,38,67,113,331,84,62,43,57,146,0,512,1,0,0,7,-44,0.613,12.67,13.80460375,1.134603751,,,,,,,,,,,,,,,,,,
a.stoudemire (nyk),PF,65,1466,472,311,558,0,0,150,203,112,320,34,23,91,37,159,1,772,9,0,0,22,-159,0.604,18.89,18.15371289,0.736287106,,,,,,,,,,,,,,,,,,
b.griffin (lac),PF,80,2864,990,718,1359,12,44,482,674,192,757,306,92,224,51,265,4,1930,19,0,0,80,570,0.603,23.98,25.22658406,1.246584056,,,,,,,,,,,,,,,,,,
i.smith (pho),PG,70,1011,219,119,281,1,24,22,39,31,129,179,49,65,13,66,0,261,0,0,0,1,-10,0.603,11.71,12.13537507,0.425375068,,,,,,,,,,,,,,,,,,
r.rondo (bos),PG,30,998,318,141,350,26,90,42,67,22,164,294,40,100,2,65,0,350,1,0,0,30,-172,0.602,15.34,15.79161829,0.451618294,,,,,,,,,,,,,,,,,,
d.lee (gsw),PF,69,2288,795,513,980,0,1,231,296,183,644,147,48,153,26,206,4,1257,1,0,0,67,467,0.602,19.21,20.22699877,1.016998768,,,,,,,,,,,,,,,,,,
m.dellavedova (cle),SG,72,1276,377,122,296,57,154,38,48,30,124,186,34,60,5,121,0,339,1,0,0,4,72,0.602,10.69,11.18185018,0.491850184,,,,,,,,,,,,,,,,,,
n.batum (por),SF,82,2958,1034,381,819,145,402,163,203,116,611,420,75,209,57,156,1,1070,1,0,0,82,329,0.601,15.86,16.4027257,0.542725697,,,,,,,,,,,,,,,,,,
k.leonard (sas),SF,66,1924,780,337,645,69,182,101,126,76,411,133,114,80,49,127,0,844,0,0,0,65,376,0.601,19.43,20.32678201,0.89678201,,,,,,,,,,,,,,,,,,
j.calderon (dal),PG,81,2472,1203,341,748,191,425,52,63,29,192,378,69,103,11,136,0,925,3,0,0,81,-4,0.599,15.25,15.53916502,0.289165024,,,,,,,,,,,,,,,,,,
d.wade (mia),SG,54,1776,668,415,760,9,32,189,258,59,241,253,79,161,29,106,0,1028,5,0,0,53,141,0.599,22.06,21.65319679,0.406803212,,,,,,,,,,,,,,,,,,
j.johnson (mem),PF,52,957,276,143,308,22,87,76,90,60,166,111,43,66,57,102,1,384,1,0,0,4,96,0.598,18.5,18.11811536,0.381884636,,,,,,,,,,,,,,,,,,
g.wallace (bos),SF,58,1418,242,116,230,19,64,47,101,36,212,143,73,97,14,79,0,298,4,0,0,16,-172,0.597,10.02,10.32499565,0.304995654,,,,,,,,,,,,,,,,,,
k.olynyk (bos),PF,70,1396,489,234,501,40,113,99,122,140,365,109,35,106,27,227,4,607,0,0,0,9,-5,0.595,15.27,15.98692501,0.716925011,,,,,,,,,,,,,,,,,,
n.wolters (mil),PG,58,1307,335,170,389,18,62,59,90,33,149,187,35,57,15,67,0,417,0,0,0,31,-25,0.595,12.76,12.94161394,0.181613938,,,,,,,,,,,,,,,,,,
g.dragic (pho),PG,76,2671,1154,552,1093,122,299,316,416,69,245,448,104,213,22,206,1,1542,7,0,0,75,301,0.593,21.43,21.46566964,0.035669636,,,,,,,,,,,,,,,,,,
t.lawson (den),PG,62,2221,586,347,805,72,202,324,406,41,216,543,100,201,10,113,1,1090,0,0,0,61,-46,0.59,19.02,20.29549671,1.275496706,,,,,,,,,,,,,,,,,,
j.holiday (nop),PG,34,1142,445,203,454,30,77,51,63,28,142,268,56,105,12,92,0,487,1,0,0,34,24,0.589,17.19,17.39879857,0.208798575,,,,,,,,,,,,,,,,,,
t.duncan (sas),PF,74,2155,657,444,906,0,5,231,316,158,722,220,43,159,139,134,2,1119,8,0,0,74,304,0.589,21.4,22.09423395,0.694233953,,,,,,,,,,,,,,,,,,
m.chalmers (mia),PG,73,2182,648,254,560,87,226,121,163,41,214,357,119,162,16,210,0,716,4,0,0,73,306,0.589,14.06,14.2214694,0.161469399,,,,,,,,,,,,,,,,,,
k.lowry (tor),PG,79,2861,1171,457,1080,190,500,313,385,88,369,585,121,194,15,267,5,1417,10,0,0,79,269,0.588,20.2,20.37289515,0.17289515,,,,,,,,,,,,,,,,,,
p.patterson (sac),PF,65,1536,565,225,489,55,151,50,71,117,342,78,55,65,37,159,2,555,2,0,0,13,168,0.588,14.67,14.93492823,0.264928231,,,,,,,,,,,,,,,,,,
p.patterson (tor),PF,65,1536,565,225,489,55,151,50,71,117,342,78,55,65,37,159,2,555,2,0,0,13,168,0.588,14.67,14.93492823,0.264928231,,,,,,,,,,,,,,,,,,
t.parker (sas),PG,68,2002,790,456,914,25,67,197,243,17,154,390,36,151,9,86,0,1134,1,0,0,68,274,0.588,19,19.64927778,0.649277778,,,,,,,,,,,,,,,,,,
s.blake (lal),PG,55,1496,470,133,353,79,210,33,43,13,159,307,53,102,8,85,0,378,0,0,0,28,-174,0.587,11.01,12.03946682,1.029466824,,,,,,,,,,,,,,,,,,
n.calathes (mem),SG,71,1174,297,142,311,19,61,44,72,23,137,209,65,101,8,117,0,347,1,0,0,7,19,0.587,12.36,12.47527509,0.115275095,,,,,,,,,,,,,,,,,,
b.udrih (mem),PG,41,646,188,78,178,19,42,25,30,10,59,116,23,47,4,50,1,200,0,0,0,12,-106,0.586,12.73,12.5605943,0.169405704,,,,,,,,,,,,,,,,,,
s.marion (dal),SF,76,2407,805,341,708,58,162,51,65,132,497,124,90,95,37,125,0,791,1,0,0,76,-134,0.585,13.78,14.25652275,0.476522745,,,,,,,,,,,,,,,,,,
l.stephenson (ind),SG,78,2747,972,427,870,86,244,140,197,95,558,359,54,210,7,195,1,1080,14,0,0,78,287,0.585,14.72,14.85631068,0.136310683,,,,,,,,,,,,,,,,,,
d.carroll (atl),SF,73,2343,786,302,642,97,268,109,141,107,403,135,108,79,21,188,0,810,3,0,0,73,99,0.583,13.96,15.00738494,1.047384944,,,,,,,,,,,,,,,,,,
g.hill (ind),PG,76,2436,687,272,616,95,260,142,176,53,283,264,75,92,24,158,0,781,4,0,0,76,322,0.583,13.42,13.56962829,0.149628292,,,,,,,,,,,,,,,,,,
b.bass (bos),PF,82,2262,505,352,725,2,6,205,239,161,471,87,36,102,71,190,0,911,3,0,0,73,-402,0.583,15.01,15.32306294,0.313062944,,,,,,,,,,,,,,,,,,
e.udoh (mil),PF,43,804,84,57,143,0,0,30,47,61,148,31,15,38,44,96,0,144,0,0,0,14,-169,0.583,7.62,7.869316901,0.249316901,,,,,,,,,,,,,,,,,,
p.tucker (pho),SG,81,2489,596,265,615,74,191,156,201,162,530,140,110,102,23,204,2,760,12,0,0,81,125,0.583,13.31,13.87944024,0.569440241,,,,,,,,,,,,,,,,,,
e.kanter (uta),C,80,2138,689,419,853,0,1,149,204,222,598,75,28,144,42,230,1,987,1,0,0,37,-481,0.581,15.7,15.61473874,0.085261257,,,,,,,,,,,,,,,,,,
d.west (ind),PF,80,2469,730,458,939,4,15,198,251,120,542,223,61,133,74,186,1,1118,7,0,0,80,410,0.58,17.55,17.62104289,0.071042895,,,,,,,,,,,,,,,,,,
m.gasol (mem),C,59,1976,493,336,711,2,11,185,241,84,424,216,59,111,76,150,1,859,0,0,0,59,16,0.579,18.27,17.84680215,0.423197849,,,,,,,,,,,,,,,,,,
r.felton (nyk),PG,65,2020,578,240,608,62,195,88,122,54,197,368,77,129,27,157,1,630,1,0,0,65,24,0.578,12.9,12.77963164,0.120368357,,,,,,,,,,,,,,,,,,
d.williams (brk),PG,65,2058,765,322,716,98,268,173,216,15,168,393,93,143,13,148,0,915,0,0,0,58,187,0.578,17.69,17.743073,0.053073002,,,,,,,,,,,,,,,,,,
l.mbahamoute (sac),SF,64,1002,140,87,193,4,17,46,67,56,146,36,31,40,14,68,2,224,0,0,0,7,-152,0.577,8.42,9.102522055,0.682522055,,,,,,,,,,,,,,,,,,
l.mbahamoute (min),SF,64,1002,140,87,193,4,17,46,67,56,146,36,31,40,14,68,2,224,0,0,0,7,-152,0.577,8.42,9.102522055,0.682522055,,,,,,,,,,,,,,,,,,
z.randolph (mem),PF,79,2709,876,560,1198,2,20,250,337,265,794,199,54,183,23,210,0,1372,4,0,0,79,169,0.577,18.37,18.01891541,0.351084592,,,,,,,,,,,,,,,,,,
d.collison (lac),PG,80,2071,669,324,694,71,189,192,224,47,188,297,93,132,15,150,1,911,0,0,0,35,214,0.577,16.21,17.28909368,1.079093683,,,,,,,,,,,,,,,,,,
t.allen (mem),SG,55,1276,365,204,413,11,47,76,121,79,208,94,90,90,19,121,0,495,2,0,0,28,92,0.575,15.64,15.57933025,0.060669746,,,,,,,,,,,,,,,,,,
s.curry (gsw),PG,78,2843,1779,652,1383,261,615,308,348,46,334,667,129,294,14,194,1,1873,0,0,0,78,574,0.574,24.13,25.25004077,1.120040774,,,,,,,,,,,,,,,,,,
j.jerebko (det),PF,64,743,246,98,208,31,74,43,59,51,175,39,21,43,6,85,0,270,0,0,0,0,-87,0.573,13.42,13.96006317,0.540063173,,,,,,,,,,,,,,,,,,
k.love (min),PF,77,2797,1350,650,1422,190,505,520,633,224,963,343,59,195,35,136,0,2010,3,0,0,77,355,0.572,26.97,28.66357653,1.693576527,,,,,,,,,,,,,,,,,,
m.conley (mem),PG,73,2447,1016,463,1030,105,291,225,276,41,213,439,110,150,13,141,1,1256,0,0,0,73,151,0.572,20.07,19.60964092,0.460359084,,,,,,,,,,,,,,,,,,
s.mack (atl),PG,73,1494,540,209,501,62,184,64,74,21,160,271,50,90,2,100,1,544,0,0,0,11,-47,0.571,13.28,14.26248789,0.982487888,,,,,,,,,,,,,,,,,,
a.jefferson (cha),C,73,2557,1218,700,1376,3,15,191,277,156,792,155,67,124,79,176,1,1594,5,0,0,73,30,0.57,22.75,22.971919,0.221919002,,,,,,,,,,,,,,,,,,
k.perkins (okc),C,62,1206,137,87,194,0,2,37,67,82,305,67,26,91,32,177,0,211,10,0,0,62,44,0.57,6.32,6.976390123,0.656390123,,,,,,,,,,,,,,,,,,
m.ginobili (sas),SG,68,1554,698,294,627,90,258,160,188,30,204,291,70,139,17,128,0,838,0,0,0,3,421,0.57,20.06,20.90733157,0.847331573,,,,,,,,,,,,,,,,,,
k.seraphin (was),PF,53,578,195,111,220,0,0,27,31,53,128,17,3,41,26,103,0,249,0,0,0,1,-31,0.569,12.52,13.11169508,0.591695082,,,,,,,,,,,,,,,,,,
p.pressey (bos),PG,75,1129,211,78,253,28,106,29,45,20,105,240,68,87,5,97,1,213,0,0,0,11,-39,0.568,8.78,9.510906447,0.730906447,,,,,,,,,,,,,,,,,,
c.zeller (cha),PF,82,1412,198,172,404,0,1,146,200,118,353,92,40,87,41,170,0,490,0,0,0,3,-83,0.568,13.12,13.61372181,0.493721815,,,,,,,,,,,,,,,,,,
p.gasol (lal),PF,60,1883,675,425,885,4,14,187,254,124,580,201,27,141,92,124,0,1041,0,0,0,60,-354,0.568,19.34,21.03600103,1.696001029,,,,,,,,,,,,,,,,,,
d.harris (dal),PG,40,817,193,96,254,31,101,92,115,8,85,178,28,59,2,72,1,315,0,0,0,0,156,0.567,14.66,15.26926403,0.609264026,,,,,,,,,,,,,,,,,,
j.nelson (orl),PG,68,2176,900,294,747,136,391,96,112,29,231,476,52,166,5,146,1,820,3,0,0,68,-273,0.566,13.89,14.30125886,0.411258862,,,,,,,,,,,,,,,,,,
n.hilario (was),C,53,1562,446,299,594,1,5,155,266,65,294,153,64,117,48,164,2,754,3,0,0,37,117,0.566,16.67,17.02531281,0.355312807,,,,,,,,,,,,,,,,,,
h.thompson (phi),SF,77,1742,491,171,372,67,167,52,73,73,247,73,53,60,12,144,0,461,0,0,0,41,-360,0.565,9.5,10.50874024,1.008740235,,,,,,,,,,,,,,,,,,
c.parsons (hou),SF,74,2785,1158,466,987,130,351,164,221,69,409,298,88,144,29,168,1,1226,0,0,0,74,325,0.562,15.9,16.60653734,0.706537344,,,,,,,,,,,,,,,,,,
j.wall (was),PG,82,2980,1165,579,1337,108,308,317,394,38,333,719,149,295,39,219,1,1583,2,0,0,82,195,0.561,19.61,20.09591801,0.485918011,,,,,,,,,,,,,,,,,,
j.sullinger (bos),PF,74,2041,778,384,899,56,208,158,203,241,601,118,35,119,49,251,3,982,1,0,0,44,-14,0.561,16.42,16.95029694,0.530296938,,,,,,,,,,,,,,,,,,
a.blatche (brk),PF,73,1622,523,321,674,15,54,164,221,120,390,112,75,110,38,166,0,821,2,0,0,7,24,0.558,18.85,18.9272695,0.077269503,,,,,,,,,,,,,,,,,,
p.beverley (hou),PG,57,1750,591,199,481,92,255,83,102,72,196,149,78,66,23,174,4,573,6,0,0,55,295,0.558,12.43,13.30404673,0.87404673,,,,,,,,,,,,,,,,,,
d.cousins (sac),C,71,2296,750,591,1191,0,7,432,595,218,831,207,109,251,91,270,4,1614,16,0,0,71,-18,0.558,26.18,26.2056777,0.025677698,,,,,,,,,,,,,,,,,,
j.teague (atl),PG,79,2546,816,456,1040,74,225,318,376,34,208,526,89,231,17,158,0,1304,2,0,0,79,117,0.557,17.16,18.20158268,1.041582684,,,,,,,,,,,,,,,,,,
m.morris (pho),PF,81,2151,665,411,845,34,108,259,327,139,485,143,68,147,51,232,2,1115,9,0,0,0,133,0.556,18.48,18.76232205,0.282322051,,,,,,,,,,,,,,,,,,
j.smith (nop),PF,31,826,223,131,282,0,0,39,50,51,181,29,11,28,29,100,3,301,1,0,0,27,-64,0.556,12.47,12.80778839,0.337788386,,,,,,,,,,,,,,,,,,
t.gibson (chi),PF,82,2353,647,429,896,0,7,211,281,200,559,91,41,150,110,207,2,1069,8,0,0,8,138,0.555,16.09,16.17749303,0.087493025,,,,,,,,,,,,,,,,,,
t.evans (nop),PG,72,2024,606,391,897,21,95,239,310,76,341,363,84,175,21,155,0,1042,3,0,0,22,-207,0.555,18.43,18.58306803,0.153068032,,,,,,,,,,,,,,,,,,
k.korver (atl),SG,71,2413,1046,289,609,185,392,87,94,22,282,208,69,102,24,147,0,850,0,0,0,71,211,0.554,13.55,14.29838074,0.748380744,,,,,,,,,,,,,,,,,,
l.ridnour (mil),PG,61,1138,346,126,327,37,108,17,26,23,97,177,32,66,8,92,0,306,1,0,0,14,-202,0.554,9.01,9.500921548,0.490921548,,,,,,,,,,,,,,,,,,
l.ridnour (cha),PG,61,1138,346,126,327,37,108,17,26,23,97,177,32,66,8,92,0,306,1,0,0,14,-202,0.554,9.01,9.500921548,0.490921548,,,,,,,,,,,,,,,,,,
i.thomas (sac),PG,72,2492,1027,496,1096,127,364,346,407,47,210,454,93,213,8,185,0,1465,10,0,0,54,29,0.554,20.54,20.60786228,0.067862276,,,,,,,,,,,,,,,,,,
m.miller (mem),SF,82,1709,701,213,443,107,233,46,56,30,207,129,26,77,5,95,0,579,0,0,0,4,-51,0.553,12.5,12.21392363,0.286076367,,,,,,,,,,,,,,,,,,
s.hawes (phi),C,80,2468,1071,403,882,128,307,119,152,131,660,240,44,173,94,237,3,1053,11,0,0,78,-482,0.552,15.77,16.77069283,1.000692829,,,,,,,,,,,,,,,,,,
s.hawes (cle),C,80,2468,1071,403,882,128,307,119,152,131,660,240,44,173,94,237,3,1053,11,0,0,78,-482,0.552,15.77,16.77069283,1.000692829,,,,,,,,,,,,,,,,,,
c.kaman (lal),C,39,736,300,176,346,0,3,52,68,54,229,58,11,74,40,93,1,404,2,0,0,13,-60,0.552,17.06,18.81897789,1.758977892,,,,,,,,,,,,,,,,,,
e.bledsoe (pho),PG,43,1416,497,265,556,50,140,183,237,27,202,236,69,143,14,99,0,763,3,0,0,40,135,0.552,19.62,19.85742392,0.23742392,,,,,,,,,,,,,,,,,,
w.bynum (det),PG,56,1054,331,184,430,20,62,97,121,24,99,216,39,103,7,121,0,485,2,0,0,3,-112,0.552,14.44,15.02295374,0.582953743,,,,,,,,,,,,,,,,,,
g.vasquez (sac),PG,79,1778,786,277,658,109,289,95,108,20,173,323,31,128,5,143,2,758,3,0,0,23,168,0.551,14.2,14.41231968,0.212319677,,,,,,,,,,,,,,,,,,
g.vasquez (tor),PG,79,1778,786,277,658,109,289,95,108,20,173,323,31,128,5,143,2,758,3,0,0,23,168,0.551,14.2,14.41231968,0.212319677,,,,,,,,,,,,,,,,,,
j.leuer (mem),PF,49,643,274,121,246,23,49,37,47,37,158,20,18,27,13,63,0,302,0,0,0,0,-13,0.551,17.65,17.42643725,0.223562753,,,,,,,,,,,,,,,,,,
d.green (gsw),SF,82,1796,457,187,459,55,165,82,123,86,409,152,98,91,72,231,3,511,7,0,0,12,145,0.55,12.73,13.74436023,1.014360226,,,,,,,,,,,,,,,,,,
r.sessions (cha),PG,83,2215,439,330,769,35,124,326,404,38,203,340,49,148,9,90,0,1021,2,0,0,19,-171,0.55,16.04,16.10535822,0.06535822,,,,,,,,,,,,,,,,,,
r.sessions (mil),PG,83,2215,439,330,769,35,124,326,404,38,203,340,49,148,9,90,0,1021,2,0,0,19,-171,0.55,16.04,16.10535822,0.06535822,,,,,,,,,,,,,,,,,,
j.farmar (lal),PG,41,912,468,151,364,70,160,44,59,20,104,199,38,95,8,65,0,416,1,0,0,5,-90,0.549,15.05,16.56376374,1.513763735,,,,,,,,,,,,,,,,,,
k.durant (okc),SF,81,3118,1571,849,1688,192,491,703,805,58,599,445,103,285,59,174,0,2593,16,0,0,81,510,0.548,29.9,30.52568493,0.625684934,,,,,,,,,,,,,,,,,,
m.williams (por),PG,74,1835,731,280,672,83,225,78,89,42,153,321,55,149,10,197,1,721,4,0,0,0,73,0.546,11.87,12.69308788,0.823087882,,,,,,,,,,,,,,,,,,
p.millsap (atl),PF,74,2481,908,483,1047,76,212,286,391,154,627,232,129,185,78,210,3,1328,1,0,0,73,124,0.546,19.83,21.07425654,1.244256543,,,,,,,,,,,,,,,,,,
g.davis (orl),PF,68,1668,459,271,593,4,11,95,137,108,351,77,58,76,29,159,3,641,3,0,0,44,-165,0.545,13.14,13.70627413,0.56627413,,,,,,,,,,,,,,,,,,
g.davis (lac),PF,68,1668,459,271,593,4,11,95,137,108,351,77,58,76,29,159,3,641,3,0,0,44,-165,0.545,13.14,13.70627413,0.56627413,,,,,,,,,,,,,,,,,,
p.jones (okc),SF,62,767,204,83,181,22,61,28,42,28,114,26,14,21,19,62,0,216,0,0,0,7,54,0.545,10.14,10.58005658,0.440056575,,,,,,,,,,,,,,,,,,
p.mills (sas),PG,81,1523,950,309,666,135,318,73,82,34,169,149,68,62,9,114,0,826,1,0,0,2,338,0.543,18.8,19.83447075,1.03447075,,,,,,,,,,,,,,,,,,
b.jennings (det),PG,80,2729,1067,423,1135,154,457,241,321,59,244,609,101,215,8,157,0,1241,12,0,0,79,-186,0.543,15.67,16.09729545,0.427295446,,,,,,,,,,,,,,,,,,
c.bosh (mia),PF,79,2529,983,492,954,74,219,223,272,98,522,87,80,124,78,192,1,1281,3,0,0,79,447,0.543,19.11,18.97127046,0.138729537,,,,,,,,,,,,,,,,,,
m.belinelli (sas),SG,80,2015,941,337,695,126,293,111,131,18,226,179,50,95,7,130,0,911,0,0,0,25,261,0.543,15.09,15.84166841,0.751668414,,,,,,,,,,,,,,,,,,
d.nowitzki (dal),PF,80,2625,1319,632,1272,131,329,338,376,40,498,216,73,118,45,165,1,1733,7,0,0,80,322,0.542,23.68,24.10744701,0.427447009,,,,,,,,,,,,,,,,,,
j.crowder (dal),SF,78,1258,364,130,296,50,151,46,61,46,194,60,59,41,21,100,0,356,2,0,0,8,243,0.541,11.89,12.42809588,0.538095882,,,,,,,,,,,,,,,,,,
r.westbrook (okc),PG,46,1409,656,347,792,68,214,242,293,55,263,319,88,177,7,104,1,1004,10,0,0,46,221,0.54,24.74,25.76292765,1.022927653,,,,,,,,,,,,,,,,,,
t.ariza (was),SF,77,2723,1169,389,853,180,442,149,193,99,475,192,126,132,20,179,2,1107,4,0,0,77,195,0.539,15.87,16.37068855,0.500688545,,,,,,,,,,,,,,,,,,
j.jack (cle),PG,80,2253,636,286,698,63,185,125,149,22,223,325,55,133,22,133,0,760,2,0,0,31,-240,0.539,11.57,11.90724262,0.337242616,,,,,,,,,,,,,,,,,,
k.singler (det),SG,82,2335,668,269,602,94,246,152,184,116,303,75,61,79,38,211,2,784,0,0,0,36,-226,0.538,11.86,12.26924879,0.409248787,,,,,,,,,,,,,,,,,,
m.williams (uta),PF,66,1673,657,231,526,84,234,57,73,82,334,78,54,53,31,151,3,603,0,0,0,50,-174,0.537,14.04,14.18233826,0.142338262,,,,,,,,,,,,,,,,,,
j.harden (hou),SG,73,2780,1053,549,1204,177,483,576,665,61,345,445,114,265,29,177,0,1851,5,0,0,73,408,0.536,23.51,24.29238226,0.782382259,,,,,,,,,,,,,,,,,,
b.roberts (nop),PG,72,1671,555,244,580,64,178,125,133,17,136,235,43,95,7,132,2,677,1,0,0,42,-137,0.536,13.49,13.72564474,0.235644742,,,,,,,,,,,,,,,,,,
t.sefolosha (okc),SG,61,1589,373,141,340,48,152,53,69,50,219,95,79,55,17,90,0,383,0,0,0,61,120,0.536,10.42,11.08152521,0.661525211,,,,,,,,,,,,,,,,,,
b.davies (phi),PF,51,573,80,54,128,2,10,34,53,38,109,28,24,35,8,92,1,144,0,0,0,0,-32,0.536,7.49,8.763621572,1.273621572,,,,,,,,,,,,,,,,,,
d.augustin (chi),PG,71,1942,794,298,718,133,332,201,227,15,130,313,53,125,3,147,0,930,1,0,0,9,54,0.535,16.22,16.45596984,0.235969844,,,,,,,,,,,,,,,,,,
j.lin (hou),PG,71,2054,618,295,663,82,230,218,265,33,186,294,67,176,27,166,0,890,0,0,0,33,174,0.535,14.31,14.91454601,0.604546011,,,,,,,,,,,,,,,,,,
r.kelly (lal),SF,59,1314,348,157,371,48,142,110,135,42,219,95,32,47,45,147,0,472,0,0,0,25,-88,0.535,12.67,14.07767085,1.40767085,,,,,,,,,,,,,,,,,,
k.garnett (brk),PF,54,1111,276,157,356,0,3,38,47,60,357,82,44,69,40,123,1,352,9,0,0,54,-29,0.535,13.35,13.90944745,0.559447448,,,,,,,,,,,,,,,,,,
r.jackson (okc),PG,80,2281,895,402,914,83,244,158,177,43,313,331,85,169,9,142,0,1045,1,0,0,36,350,0.535,15.43,16.09662424,0.666624243,,,,,,,,,,,,,,,,,,
k.irving (cle),PG,71,2496,1142,532,1237,123,344,291,338,52,259,433,108,190,23,163,0,1478,0,0,0,71,-220,0.534,20.14,20.49074433,0.350744327,,,,,,,,,,,,,,,,,,
r.hibbert (ind),C,81,2406,461,331,754,2,5,207,269,202,538,91,29,148,181,269,4,871,4,0,0,81,363,0.534,13.54,13.4696335,0.070366501,,,,,,,,,,,,,,,,,,
m.bonner (sas),PF,61,697,263,73,164,42,98,9,12,16,131,31,15,16,11,49,0,197,0,0,0,0,112,0.533,11.27,11.90159935,0.631599347,,,,,,,,,,,,,,,,,,
l.aldridge (por),PF,69,2496,1017,652,1423,3,15,296,360,166,766,178,64,122,69,147,1,1603,2,0,0,69,367,0.533,21.84,22.92215296,1.082152955,,,,,,,,,,,,,,,,,,
k.hinrich (chi),SG,73,2120,646,243,619,85,242,95,125,31,192,285,80,120,26,203,2,666,3,0,0,61,145,0.532,10.8,11.27075165,0.470751653,,,,,,,,,,,,,,,,,,
t.burke (uta),PG,70,2262,913,341,897,111,336,102,113,37,208,396,41,131,6,145,1,895,0,0,0,68,-256,0.531,12.64,12.72372367,0.083723675,,,,,,,,,,,,,,,,,,
c.lee (mem),SG,79,1974,707,295,614,72,194,99,112,29,186,115,65,73,28,127,1,761,1,0,0,47,66,0.53,13.8,13.7464864,0.053513605,,,,,,,,,,,,,,,,,,
m.ellis (dal),PG,82,3023,1022,577,1279,69,209,339,430,38,295,470,141,263,23,197,0,1562,6,0,0,82,49,0.53,16.83,17.35914689,0.52914689,,,,,,,,,,,,,,,,,,
c.brewer (min),SF,81,2611,788,387,807,59,211,163,227,63,207,134,150,105,30,210,1,996,2,0,0,81,331,0.53,12.71,13.84152686,1.131526862,,,,,,,,,,,,,,,,,,
n.cole (mia),PG,82,2012,541,207,500,60,174,53,68,17,160,247,77,128,5,156,0,527,2,0,0,6,105,0.529,8.8,9.105106048,0.305106048,,,,,,,,,,,,,,,,,,
m.carter-williams (phi),PG,70,2415,761,427,1054,55,208,258,367,101,437,441,129,247,43,213,2,1167,3,0,0,70,-448,0.529,15.59,17.04669336,1.456693363,,,,,,,,,,,,,,,,,,
r.mccallum (sac),PG,45,898,260,113,300,22,59,32,43,18,79,120,22,39,9,69,0,280,0,0,0,10,-95,0.528,9.74,10.0772726,0.337272599,,,,,,,,,,,,,,,,,,
r.anderson (nop),PF,22,795,452,155,354,67,164,59,62,65,141,17,10,20,7,47,0,436,1,0,0,14,30,0.528,18.89,18.69392118,0.196078818,,,,,,,,,,,,,,,,,,
g.antetokounmpo (mil),SG,77,1899,331,173,418,41,118,138,202,78,339,149,60,122,61,173,2,525,2,0,0,23,-177,0.527,10.82,11.03486299,0.214862994,,,,,,,,,,,,,,,,,,
d.lillard (por),PG,82,2935,1389,553,1303,218,554,371,426,35,288,455,64,193,22,197,1,1695,3,0,0,82,359,0.526,18.69,19.41656908,0.726569077,,,,,,,,,,,,,,,,,,
m.barnes (lac),SF,63,1738,687,231,527,97,283,66,90,60,292,125,56,85,28,185,1,625,4,0,0,40,353,0.526,12.05,13.12322897,1.073228972,,,,,,,,,,,,,,,,,,
g.temple (was),SG,75,644,90,51,141,6,29,30,43,21,68,72,35,42,11,72,0,138,0,0,0,0,-86,0.526,7.81,8.468931012,0.658931012,,,,,,,,,,,,,,,,,,
j.dudley (lac),SG,74,1730,597,196,447,81,225,38,58,36,160,104,41,56,10,146,0,511,0,0,0,43,210,0.525,8.91,9.752225061,0.842225061,,,,,,,,,,,,,,,,,,
t.harris (orl),SF,61,1847,563,332,716,32,126,197,244,88,424,82,41,78,24,143,1,893,1,0,0,36,-230,0.525,16.54,16.99750476,0.45750476,,,,,,,,,,,,,,,,,,
c.watson (ind),PG,64,1194,382,146,335,53,145,69,88,19,101,107,60,59,8,66,0,414,0,0,0,5,136,0.525,13.08,13.28364637,0.20364637,,,,,,,,,,,,,,,,,,
a.brooks (den),PG,72,1558,671,233,581,96,248,83,95,43,140,233,52,117,13,146,0,645,6,0,0,12,-93,0.525,12.51,13.5090508,0.999050804,,,,,,,,,,,,,,,,,,
m.harkless (orl),SF,80,1955,540,224,483,59,154,85,143,69,264,80,97,86,50,140,0,592,1,0,0,41,-308,0.524,11.87,12.15725273,0.287252731,,,,,,,,,,,,,,,,,,
l.deng (chi),SF,63,2213,701,371,860,57,189,212,268,99,361,183,62,114,9,111,0,1011,1,0,0,63,8,0.524,15.22,15.53163197,0.311631968,,,,,,,,,,,,,,,,,,
l.deng (cle),SF,63,2213,701,371,860,57,189,212,268,99,361,183,62,114,9,111,0,1011,1,0,0,63,8,0.524,15.22,15.53163197,0.311631968,,,,,,,,,,,,,,,,,,
a.bynum (ind),C,26,517,151,94,225,0,0,37,49,53,145,29,6,34,29,31,0,225,0,0,0,19,-135,0.523,15.25,15.31238554,0.062385544,,,,,,,,,,,,,,,,,,
d.miller (nop),SF,45,726,192,73,166,25,77,29,36,9,52,43,23,22,9,88,0,200,0,0,0,7,51,0.523,9.06,9.370633857,0.310633857,,,,,,,,,,,,,,,,,,
a.burks (uta),PG,78,2192,631,380,831,50,143,279,373,59,257,212,69,149,14,190,2,1089,0,0,0,12,-286,0.523,15.82,15.72057971,0.099420288,,,,,,,,,,,,,,,,,,
j.barea (min),PG,79,1470,648,254,656,73,231,79,100,16,154,304,26,124,0,129,0,660,4,0,0,1,-99,0.522,11.68,12.99767381,1.317673815,,,,,,,,,,,,,,,,,,
m.scott (atl),SF,80,1484,685,301,628,62,200,103,132,62,284,75,30,79,7,121,0,767,0,0,0,6,-192,0.522,15.34,16.50004539,1.160045394,,,,,,,,,,,,,,,,,,
g.hayward (uta),SF,77,2798,796,426,1032,85,280,311,381,62,392,400,110,212,40,155,0,1248,0,0,0,77,-395,0.522,16.22,16.16679829,0.053201706,,,,,,,,,,,,,,,,,,
t.young (phi),SF,79,2717,1271,582,1283,90,292,163,229,166,476,182,168,165,36,213,1,1417,3,0,0,78,-652,0.522,16.64,18.22357088,1.583570876,,,,,,,,,,,,,,,,,,
k.walker (cha),PG,73,2617,943,449,1143,109,327,282,337,39,306,447,86,169,32,128,1,1289,4,0,0,73,132,0.521,16.82,17.14101275,0.321012752,,,,,,,,,,,,,,,,,,
j.johnson (brk),SG,79,2574,1251,462,1018,162,404,159,195,48,270,216,47,120,10,129,0,1245,2,0,0,79,57,0.519,15.54,15.46163941,0.078360593,,,,,,,,,,,,,,,,,,
n.robinson (den),PG,44,870,431,164,383,58,154,71,85,21,81,112,36,58,4,92,0,457,7,0,0,1,83,0.519,15.64,16.96786246,1.327862463,,,,,,,,,,,,,,,,,,
a.afflalo (orl),SG,73,2550,1038,464,1011,128,300,274,336,32,262,248,35,146,3,136,0,1330,4,0,0,73,-365,0.519,16.09,16.25874161,0.168741611,,,,,,,,,,,,,,,,,,
p.antic (atl),PF,50,928,364,123,294,56,171,50,66,57,209,59,19,55,12,126,0,352,2,0,0,26,131,0.519,11.74,12.90161278,1.161612776,,,,,,,,,,,,,,,,,,
l.williams (atl),SG,60,1445,479,197,493,79,231,152,179,10,124,210,45,92,4,65,0,625,0,0,0,7,-167,0.518,14.24,15.16939271,0.92939271,,,,,,,,,,,,,,,,,,
l.scola (ind),PF,82,1398,430,263,560,1,7,99,136,85,390,81,26,108,16,164,0,626,1,0,0,2,2,0.518,13.42,13.80918581,0.389185814,,,,,,,,,,,,,,,,,,
j.crawford (bos),SG,81,1858,778,327,787,90,285,146,169,28,183,281,47,134,5,120,0,890,5,0,0,35,-184,0.518,14.4,14.99955465,0.599554653,,,,,,,,,,,,,,,,,,
d.motiejunas (hou),PF,62,952,267,131,296,21,84,58,96,60,225,34,20,49,21,132,4,341,0,0,0,3,53,0.517,10.76,11.60829972,0.848299718,,,,,,,,,,,,,,,,,,
m.speights (gsw),PF,79,985,304,195,442,8,31,110,134,101,290,32,11,66,33,148,1,508,2,0,0,3,-122,0.517,15.22,16.31163935,1.091639348,,,,,,,,,,,,,,,,,,
e.moore (orl),SG,79,1506,509,195,456,57,161,52,68,29,136,112,60,55,13,106,0,499,0,0,0,3,-147,0.517,11.18,11.64745283,0.467452834,,,,,,,,,,,,,,,,,,
m.beasley (mia),SF,55,833,356,177,355,21,54,61,79,31,172,41,23,57,21,93,1,436,0,0,0,2,-43,0.517,16.8,16.85327036,0.053270363,,,,,,,,,,,,,,,,,,
s.battier (mia),SF,73,1467,414,105,275,73,210,15,23,34,137,63,50,22,39,124,0,298,0,0,0,56,195,0.515,8.7,8.884747135,0.184747135,,,,,,,,,,,,,,,,,,
t.douglas (mia),PG,51,677,214,73,190,31,102,25,34,18,86,68,19,34,5,81,0,202,0,0,0,17,-12,0.515,9.2,9.77051668,0.57051668,,,,,,,,,,,,,,,,,,
t.prince (mem),SF,76,1949,426,200,492,20,69,34,60,32,234,119,39,41,19,63,0,454,0,0,0,76,43,0.515,8.18,8.215468205,0.035468205,,,,,,,,,,,,,,,,,,
r.hummel (min),SF,53,651,215,67,177,32,89,15,16,35,132,23,17,10,2,57,0,181,0,0,0,5,36,0.514,9.67,10.95672086,1.286720856,,,,,,,,,,,,,,,,,,
a.rivers (nop),SG,69,1340,382,192,474,36,99,110,173,26,129,160,45,77,9,134,0,530,3,0,0,4,-14,0.514,11.6,11.85113539,0.251135393,,,,,,,,,,,,,,,,,,
r.allen (mia),SG,73,1937,723,240,543,116,309,105,116,23,205,143,54,83,8,115,0,701,0,0,0,9,162,0.513,12.83,12.9183293,0.088329297,,,,,,,,,,,,,,,,,,
b.knight (mil),PG,72,2407,993,461,1092,110,338,259,323,46,255,352,69,188,17,146,1,1291,3,0,0,69,-440,0.513,16.59,16.73455572,0.144555715,,,,,,,,,,,,,,,,,,
j.redick (lac),SG,35,988,484,181,398,73,185,97,106,9,74,80,28,42,3,65,0,532,2,0,0,34,210,0.511,16.64,17.79191231,1.151912307,,,,,,,,,,,,,,,,,,
e.ilyasova (mil),SF,55,1479,478,237,579,37,131,107,130,107,342,72,46,61,8,135,1,618,0,0,0,47,-268,0.511,13.85,14.40614643,0.556146429,,,,,,,,,,,,,,,,,,
i.shumpert (nyk),SG,74,1962,541,183,484,76,228,53,71,81,308,129,92,79,13,209,1,495,1,0,0,58,154,0.511,9.66,9.995905847,0.335905847,,,,,,,,,,,,,,,,,,
r.foye (den),PG,81,2487,1132,361,875,189,498,157,185,36,232,288,67,145,39,205,4,1068,0,0,0,78,-125,0.51,13.31,14.38844656,1.078446556,,,,,,,,,,,,,,,,,,
r.lewis (mia),PF,60,975,308,98,236,46,134,26,33,24,110,57,53,35,8,90,0,268,1,0,0,6,53,0.51,10.74,11.10622972,0.366229716,,,,,,,,,,,,,,,,,,
j.butler (chi),SG,67,2594,494,275,693,68,240,260,338,87,329,175,126,102,35,106,0,878,4,0,0,67,187,0.51,13.57,13.73937823,0.169378228,,,,,,,,,,,,,,,,,,
v.carter (dal),SG,81,1975,937,330,811,146,371,161,196,67,284,212,61,108,35,209,1,967,1,0,0,0,175,0.509,15.97,16.56806392,0.59806392,,,,,,,,,,,,,,,,,,
w.matthews (por),SG,82,2783,1241,445,1010,201,511,252,301,51,289,199,76,109,14,176,0,1343,7,0,0,82,303,0.508,15.7,16.38559271,0.685592711,,,,,,,,,,,,,,,,,,
m.dunleavy (chi),SG,82,2586,895,333,774,123,324,140,164,46,345,186,64,108,46,163,0,929,1,0,0,61,173,0.508,12.62,12.8941957,0.274195703,,,,,,,,,,,,,,,,,,
j.bayless (mem),PG,72,1686,630,248,617,76,213,94,118,22,145,194,60,82,9,161,1,666,4,0,0,19,-97,0.507,12.04,12.48896506,0.448965059,,,,,,,,,,,,,,,,,,
j.bayless (bos),PG,72,1686,630,248,617,76,213,94,118,22,145,194,60,82,9,161,1,666,4,0,0,19,-97,0.507,12.04,12.48896506,0.448965059,,,,,,,,,,,,,,,,,,
c.boozer (chi),PF,76,2143,746,447,980,0,2,148,193,137,632,119,54,154,22,216,0,1042,7,0,0,76,-33,0.507,14.48,15.28184866,0.801848661,,,,,,,,,,,,,,,,,,
c.anthony (nyk),SF,77,2981,1528,743,1644,167,415,459,541,144,621,239,96,198,51,224,0,2112,11,0,0,77,103,0.507,24.5,23.69516127,0.804838726,,,,,,,,,,,,,,,,,,
o.casspi (hou),SF,71,1284,446,173,410,61,176,83,122,55,260,89,44,73,14,100,0,490,0,0,0,2,148,0.507,12.91,13.69011445,0.780114449,,,,,,,,,,,,,,,,,,
a.tolliver (cha),PF,64,1300,531,129,307,102,247,33,41,33,168,42,19,23,15,82,0,393,0,0,0,9,75,0.504,11.01,11.21300685,0.203006849,,,,,,,,,,,,,,,,,,
w.johnson (lal),SG,79,2241,793,277,651,100,271,61,77,70,348,124,86,90,77,207,1,715,0,0,0,62,-374,0.504,11.08,12.41332991,1.33332991,,,,,,,,,,,,,,,,,,
j.anderson (phi),SG,80,2307,886,309,717,115,351,77,106,59,300,150,74,106,28,154,0,810,0,0,0,62,-543,0.502,10.92,12.00763285,1.08763285,,,,,,,,,,,,,,,,,,
k.middleton (mil),SF,82,2461,994,376,854,120,290,118,137,60,310,169,83,123,19,243,4,990,4,0,0,64,-381,0.502,12.55,13.00125035,0.451250347,,,,,,,,,,,,,,,,,,
c.douglas-roberts (cha),SF,49,1017,309,111,252,51,132,66,82,16,119,51,29,36,16,61,0,339,0,0,0,8,-10,0.502,12.19,12.41642429,0.226424294,,,,,,,,,,,,,,,,,,
m.morris (pho),PF,82,1800,752,288,651,99,260,121,159,84,319,88,72,95,18,157,0,796,7,0,0,1,125,0.501,18.48,15.28620149,3.193798512,,,,,,,,,,,,,,,,,,
d.fisher (okc),PG,81,1430,491,141,361,88,229,55,71,12,122,117,70,49,3,157,0,425,4,0,0,0,237,0.501,10.09,10.97267528,0.88267528,,,,,,,,,,,,,,,,,,
j.salmons (sac),SF,78,1725,449,150,413,63,163,40,52,20,163,147,47,54,19,124,0,403,1,0,0,8,-8,0.5,7.81,8.234035393,0.424035393,,,,,,,,,,,,,,,,,,
j.salmons (tor),SF,78,1725,449,150,413,63,163,40,52,20,163,147,47,54,19,124,0,403,1,0,0,8,-8,0.5,7.81,8.234035393,0.424035393,,,,,,,,,,,,,,,,,,
j.lamb (okc),SG,78,1543,739,263,609,88,247,51,64,27,189,115,56,60,26,143,1,665,0,0,0,0,214,0.499,13.44,14.20340742,0.763407418,,,,,,,,,,,,,,,,,,
e.gordon (nop),SG,64,2057,840,356,817,101,258,175,223,30,164,207,75,134,12,114,2,988,1,0,0,64,-269,0.499,14.92,14.94580784,0.02580784,,,,,,,,,,,,,,,,,,
a.bargnani (nyk),PF,42,1253,450,222,502,30,108,84,102,70,223,45,14,58,51,100,1,558,3,0,0,39,-124,0.499,14.53,14.12387807,0.406121933,,,,,,,,,,,,,,,,,,
m.webster (was),SF,78,2164,841,254,587,146,372,105,125,38,223,97,41,58,15,150,1,759,0,0,0,13,-12,0.499,11.56,11.90817426,0.348174265,,,,,,,,,,,,,,,,,,
r.gay (tor),SF,73,2532,951,537,1179,65,197,318,387,113,437,209,95,224,56,171,2,1457,3,0,0,73,-69,0.498,18.4,18.42104709,0.021047088,,,,,,,,,,,,,,,,,,
r.gay (sac),SF,73,2532,951,537,1179,65,197,318,387,113,437,209,95,224,56,171,2,1457,3,0,0,73,-69,0.498,18.4,18.42104709,0.021047088,,,,,,,,,,,,,,,,,,
d.derozan (tor),SG,79,3020,881,604,1407,64,210,519,630,51,343,313,86,176,28,197,0,1791,8,0,0,79,180,0.497,18.42,18.53458593,0.114585926,,,,,,,,,,,,,,,,,,
g.henderson (cha),SG,77,2461,691,403,930,40,115,235,309,31,310,198,51,113,32,159,0,1081,2,0,0,77,-70,0.497,13.13,13.45882127,0.328821268,,,,,,,,,,,,,,,,,,
j.meeks (lal),SG,77,2557,1091,413,892,162,404,221,258,30,194,138,111,111,4,119,0,1209,0,0,0,70,-509,0.496,14.75,16.19180184,1.441801842,,,,,,,,,,,,,,,,,,
a.gee (cle),SG,65,1021,210,98,237,19,59,43,61,35,149,47,39,44,15,96,0,258,0,0,0,24,-228,0.495,8.63,9.137419254,0.507419254,,,,,,,,,,,,,,,,,,
b.beal (was),SG,73,2529,1227,481,1149,138,343,149,189,54,273,245,71,128,18,153,0,1249,0,0,0,73,110,0.495,14.32,14.85818918,0.538189183,,,,,,,,,,,,,,,,,,
f.garcia (hou),SG,55,1083,433,118,294,69,193,10,19,21,122,63,27,30,33,120,1,315,1,0,0,4,32,0.495,9.37,10.10849118,0.738491183,,,,,,,,,,,,,,,,,,
a.morrow (nop),SG,76,1427,668,238,520,88,195,72,87,29,140,59,39,51,13,102,0,636,0,0,0,9,43,0.494,13.96,14.09190073,0.131900733,,,,,,,,,,,,,,,,,,
c.johnson (bos),SF,40,790,262,85,214,43,127,37,43,31,97,32,27,22,4,63,0,250,0,0,0,0,12,0.494,10.8,11.35881857,0.558818567,,,,,,,,,,,,,,,,,,
e.turner (phi),SG,81,2453,807,435,1022,50,156,213,262,62,408,261,67,189,7,195,3,1133,9,0,0,56,-375,0.494,12.43,13.62628717,1.196287175,,,,,,,,,,,,,,,,,,
e.turner (ind),SG,81,2453,807,435,1022,50,156,213,262,62,408,261,67,189,7,195,3,1133,9,0,0,56,-375,0.494,12.43,13.62628717,1.196287175,,,,,,,,,,,,,,,,,,
j.smith (nyk),SG,74,2423,1269,396,955,189,480,90,138,35,296,219,65,108,20,196,0,1071,2,0,0,37,-2,0.493,14,13.7808789,0.2191211,,,,,,,,,,,,,,,,,,
r.jefferson (uta),SF,82,2211,837,294,654,123,301,120,162,18,219,130,57,94,14,169,0,831,2,0,0,78,-413,0.493,11.88,11.94199467,0.061994669,,,,,,,,,,,,,,,,,,
d.garrett (uta),SG,71,1050,300,101,265,36,96,10,12,11,97,120,41,75,5,75,0,248,0,0,0,0,-116,0.492,7.1,7.457570685,0.357570685,,,,,,,,,,,,,,,,,,
p.pierce (brk),SF,75,2101,722,321,712,112,300,256,310,26,348,178,86,153,31,190,0,1010,6,0,0,68,71,0.491,16.81,16.93585165,0.125851648,,,,,,,,,,,,,,,,,,
d.schroder (atl),PG,49,641,145,72,188,10,42,29,43,5,60,93,17,61,0,54,0,183,0,0,0,0,-205,0.49,5.81,6.758314741,0.948314741,,,,,,,,,,,,,,,,,,
t.outlaw (sac),SF,63,1068,341,130,326,41,117,42,52,36,168,48,20,26,19,94,0,343,0,0,0,4,-101,0.489,10.42,10.75734157,0.337341573,,,,,,,,,,,,,,,,,,
d.green (sas),SG,69,1652,782,218,505,132,318,50,63,25,229,104,65,76,62,107,0,618,0,0,0,59,330,0.488,13.9,14.57176795,0.671767951,,,,,,,,,,,,,,,,,,
v.oladipo (orl),SG,80,2486,758,392,936,74,226,248,318,43,329,327,129,256,37,210,0,1106,2,0,0,44,-266,0.487,13.64,14.15478896,0.514788961,,,,,,,,,,,,,,,,,,
c.frye (pho),PF,82,2316,1074,336,778,160,432,78,95,73,416,98,60,89,63,245,1,910,2,0,0,82,298,0.487,13.26,13.67784992,0.417849917,,,,,,,,,,,,,,,,,,
j.smith (det),SF,77,2733,1084,517,1233,70,265,160,301,102,520,252,104,199,110,197,1,1264,10,0,0,76,-195,0.486,14.1,14.37641905,0.276419049,,,,,,,,,,,,,,,,,,
t.wroten (phi),PG,72,1765,601,345,808,40,188,209,326,69,228,217,78,204,16,151,1,939,2,0,0,16,-436,0.484,12.96,14.07545976,1.115459761,,,,,,,,,,,,,,,,,,
d.waiters (cle),SG,70,2073,975,430,992,92,249,161,235,31,194,211,63,154,17,153,0,1113,2,0,0,24,-54,0.483,14.1,14.41441667,0.314416668,,,,,,,,,,,,,,,,,,
d.williams (sac),PF,78,1816,304,206,481,26,99,186,259,71,323,56,48,76,20,114,0,624,0,0,0,15,-180,0.483,11.53,11.81274666,0.282746655,,,,,,,,,,,,,,,,,,
j.crawford (lac),SG,69,2093,1046,421,1011,161,446,279,322,34,158,223,59,135,12,120,0,1282,4,0,0,24,270,0.482,17.39,18.51588671,1.125886712,,,,,,,,,,,,,,,,,,
w.chandler (den),SG,62,1925,870,307,738,122,351,110,152,58,294,114,46,79,31,193,4,846,0,0,0,55,-173,0.482,12.48,13.66496686,1.184966857,,,,,,,,,,,,,,,,,,
k.thompson (gsw),SG,81,2867,1640,559,1259,223,535,147,185,38,249,181,75,135,37,234,2,1488,2,0,0,81,532,0.481,14.32,15.18859549,0.868595485,,,,,,,,,,,,,,,,,,
j.terry (brk),SG,35,570,217,55,152,39,103,10,15,4,37,56,13,27,0,48,0,159,1,0,0,0,-66,0.481,7.48,7.831541471,0.351541471,,,,,,,,,,,,,,,,,,
r.stuckey (det),PG,73,1949,572,372,853,24,88,244,292,39,169,152,54,125,10,131,1,1012,4,0,0,5,-159,0.48,14.04,14.41225695,0.372256953,,,,,,,,,,,,,,,,,,
m.teletovic (brk),PF,72,1399,806,221,529,136,349,44,62,60,266,57,29,54,23,143,0,622,2,0,0,7,-95,0.479,14.38,14.54422663,0.164226631,,,,,,,,,,,,,,,,,,
d.lamb (orl),SG,53,697,205,63,160,36,90,29,36,8,49,43,11,27,1,54,1,191,0,0,0,0,-2,0.477,7.51,7.871209351,0.361209351,,,,,,,,,,,,,,,,,,
p.george (ind),SG,80,2902,1297,576,1361,182,500,401,464,66,543,283,151,224,22,198,0,1735,8,0,0,80,375,0.477,20.16,20.39811887,0.238118874,,,,,,,,,,,,,,,,,,
h.barnes (gsw),SF,78,2207,610,271,678,66,190,130,181,66,311,116,65,84,20,158,0,738,0,0,0,24,-51,0.477,9.85,10.68910128,0.839101276,,,,,,,,,,,,,,,,,,
e.williams (phi),SG,67,1157,304,140,337,37,125,87,119,30,130,72,35,68,3,126,0,404,0,0,0,2,-366,0.474,8.71,9.800944673,1.090944673,,,,,,,,,,,,,,,,,,
k.bazemore (lal),SG,67,912,357,147,343,43,128,66,109,10,117,92,43,79,13,102,0,403,0,0,0,15,-251,0.474,11.28,12.68756225,1.407562247,,,,,,,,,,,,,,,,,,
d.wright (por),SF,68,981,377,111,296,69,202,52,69,29,191,64,23,39,16,62,0,343,0,0,0,13,54,0.473,11.98,12.76188665,0.781886649,,,,,,,,,,,,,,,,,,
s.williams (lal),SF,36,754,258,73,192,42,129,14,20,25,167,30,19,21,30,93,2,202,2,0,0,13,25,0.472,9.51,10.83937649,1.329376494,,,,,,,,,,,,,,,,,,
e.fournier (den),SG,76,1502,630,228,544,89,237,93,123,34,202,114,34,100,7,179,1,638,1,0,0,4,12,0.472,10.36,11.57544746,1.215447461,,,,,,,,,,,,,,,,,,
c.miles (cle),SG,51,987,541,178,409,83,211,64,75,18,103,52,46,44,15,103,0,503,0,0,0,34,45,0.472,16.03,16.49190758,0.461907581,,,,,,,,,,,,,,,,,,
k.caldwell-pope (det),SG,80,1582,494,182,460,59,185,47,61,38,156,55,75,28,12,145,0,470,1,0,0,41,-60,0.469,9.46,10.18950722,0.729507219,,,,,,,,,,,,,,,,,,
s.novak (tor),SF,54,545,270,60,146,52,122,6,6,8,58,13,12,5,4,44,0,178,0,0,0,1,72,0.468,11.1,11.29564213,0.195642133,,,,,,,,,,,,,,,,,,
d.arthur (den),PF,69,1164,343,162,410,24,64,53,62,52,210,61,39,58,47,185,3,401,3,0,0,1,74,0.468,9.41,10.73572572,1.325725724,,,,,,,,,,,,,,,,,,
a.anderson (brk),SG,78,1770,548,194,485,84,248,92,118,40,175,80,48,62,11,147,0,564,2,0,0,26,-52,0.467,9.5,9.795350569,0.295350569,,,,,,,,,,,,,,,,,,
a.goodwin (pho),SG,52,533,130,76,167,5,36,37,55,25,87,20,20,44,11,45,0,194,0,0,0,0,-88,0.466,10.34,10.54969697,0.209696969,,,,,,,,,,,,,,,,,,
a.bradley (bos),PG,60,1855,869,361,825,79,200,90,112,48,226,85,63,96,11,145,3,891,0,0,0,58,-127,0.466,12.8,13.34513244,0.545132443,,,,,,,,,,,,,,,,,,
g.green (pho),SG,82,2327,1313,448,1006,204,510,195,230,47,274,122,70,145,42,220,3,1295,9,0,0,48,44,0.465,16.55,16.77560993,0.225609934,,,,,,,,,,,,,,,,,,
a.nicholson (orl),PF,76,1172,397,180,420,28,89,47,57,53,255,25,18,51,23,150,2,435,1,0,0,5,-153,0.463,9.9,10.61677564,0.716775637,,,,,,,,,,,,,,,,,,
k.martin (min),SG,68,2174,922,440,1022,115,297,303,340,34,203,123,66,106,6,123,2,1298,3,0,0,68,176,0.463,16.37,17.77732635,1.407326351,,,,,,,,,,,,,,,,,,
t.hardaway (nyk),SG,81,1879,872,294,687,130,358,106,128,19,121,66,43,47,7,144,1,824,0,0,0,0,-168,0.461,12.79,12.52469273,0.265307273,,,,,,,,,,,,,,,,,,
o.mayo (mil),SG,52,1348,624,224,550,84,227,76,88,25,125,113,28,95,13,111,0,608,5,0,0,23,-357,0.46,11.27,11.64354736,0.373547355,,,,,,,,,,,,,,,,,,
t.snell (chi),SF,77,1235,398,129,336,57,178,31,41,19,124,68,29,44,15,84,0,346,0,0,0,12,-115,0.459,8.02,8.443284081,0.423284081,,,,,,,,,,,,,,,,,,
n.young (lal),SG,64,1818,944,387,889,135,350,235,285,29,166,95,47,95,12,156,2,1144,8,0,0,9,-84,0.459,16.11,17.77969858,1.669698582,,,,,,,,,,,,,,,,,,
x.henry (lal),SG,43,907,256,144,345,28,81,116,177,25,114,51,44,57,7,79,0,432,1,0,0,5,-38,0.456,12.36,13.83951382,1.479513825,,,,,,,,,,,,,,,,,,
c.martin (atl),SF,59,873,351,111,264,59,151,48,65,13,110,34,27,34,7,71,0,329,0,0,0,6,-126,0.455,11.05,11.99098778,0.940987777,,,,,,,,,,,,,,,,,,
c.martin (chi),SF,59,873,351,111,264,59,151,48,65,13,110,34,27,34,7,71,0,329,0,0,0,6,-126,0.455,11.05,11.99098778,0.940987777,,,,,,,,,,,,,,,,,,
g.neal (cha),PG,52,1113,496,193,471,68,180,94,105,10,90,83,18,64,0,65,0,548,1,0,0,3,-171,0.454,12.54,12.87815073,0.338150731,,,,,,,,,,,,,,,,,,
t.ross (tor),SG,81,2156,1037,318,751,161,408,82,98,43,253,79,64,88,27,183,4,879,1,0,0,62,132,0.454,12.09,12.42833307,0.338333071,,,,,,,,,,,,,,,,,,
m.thornton (sac),SG,72,1742,741,252,639,109,316,90,112,57,198,77,58,67,11,110,0,703,0,0,0,27,-32,0.453,12,12.22588801,0.225888014,,,,,,,,,,,,,,,,,,
m.thornton (brk),SG,72,1742,741,252,639,109,316,90,112,57,198,77,58,67,11,110,0,703,0,0,0,27,-32,0.453,12,12.22588801,0.225888014,,,,,,,,,,,,,,,,,,
c.budinger (min),SF,41,754,294,100,254,42,120,32,39,19,103,31,19,24,2,58,0,274,0,0,0,8,-1,0.452,9.73,10.84429179,1.114291788,,,,,,,,,,,,,,,,,,
j.hamilton (hou),SF,60,1019,464,147,375,70,197,40,51,32,194,52,44,47,20,67,0,404,1,0,0,12,-104,0.45,12.75,13.87328807,1.123288066,,,,,,,,,,,,,,,,,,
j.hamilton (den),C,8,74,22,9,20,3,9,5,5,4,7,0,5,4,0,8,0,26,0,0,0,0,-23,0.45,12.75,12.04346782,0.706532183,,,,,,,,,,,,,,,,,,
c.butler (okc),SF,56,1416,657,213,540,98,249,63,75,21,229,82,47,61,17,120,1,587,0,0,0,13,-152,0.446,12.24,12.91045527,0.67045527,,,,,,,,,,,,,,,,,,
w.green (lac),SG,55,870,299,102,271,41,121,28,34,12,78,50,22,34,11,96,0,273,0,0,0,9,82,0.443,7.13,8.171378766,1.041378766,,,,,,,,,,,,,,,,,,
a.randolph (den),PF,43,527,138,68,175,18,61,52,69,19,121,32,26,39,19,64,0,206,1,0,0,5,-114,0.441,12.23,13.60806967,1.378069669,,,,,,,,,,,,,,,,,,
j.green (bos),PF,82,2805,1086,482,1171,135,396,283,356,54,380,138,57,165,47,180,1,1382,0,0,0,82,-352,0.437,13.17,13.51951034,0.349510341,,,,,,,,,,,,,,,,,,
a.shved (min),PG,63,667,174,76,237,30,102,68,90,21,81,68,26,48,16,36,0,250,0,0,0,0,-35,0.434,10.27,11.22394574,0.953945743,,,,,,,,,,,,,,,,,,
a.harrington (was),PF,34,513,239,82,207,34,100,27,35,15,80,28,14,34,0,72,0,225,0,0,0,0,46,0.433,9.75,10.62653475,0.876534748,,,,,,,,,,,,,,,,,,
d.granger (ind),SF,41,848,298,116,307,43,128,63,67,31,133,41,12,46,17,62,0,338,0,0,0,2,96,0.433,10.9,11.3473487,0.447348697,,,,,,,,,,,,,,,,,,
d.granger (lac),SF,41,848,298,116,307,43,128,63,67,31,133,41,12,46,17,62,0,338,0,0,0,2,96,0.433,10.9,11.3473487,0.447348697,,,,,,,,,,,,,,,,,,
j.lucas (uta),PG,42,589,189,62,190,25,84,10,16,12,39,42,14,22,0,41,0,159,0,0,0,6,-168,0.43,5.23,5.673173571,0.443173571,,,,,,,,,,,,,,,,,,
b.mclemore (sac),SG,82,2185,680,255,679,95,297,115,143,53,235,83,45,96,18,201,1,720,2,0,0,55,-206,0.42,7.77,8.160202646,0.390202646,,,,,,,,,,,,,,,,,,
j.taylor (cha),SF,26,629,192,82,218,18,67,26,47,15,60,22,13,25,5,62,0,208,0,0,0,8,-75,0.416,5.97,6.550612398,0.580612398,,,,,,,,,,,,,,,,,,
q.miller (den),SF,52,788,239,94,256,30,94,39,55,36,147,26,22,48,32,70,0,257,0,0,0,16,-60,0.408,8.62,9.559101245,0.939101245,,,,,,,,,,,,,,,,,,
a.bennett (cle),PF,52,666,155,80,225,13,53,44,69,49,155,17,21,47,8,93,1,217,1,0,0,0,-83,0.404,6.95,7.718771207,0.768771207,,,,,,,,,,,,,,,,,,
e.clark (cle),SF,54,769,295,97,261,41,122,22,34,22,143,18,17,31,25,67,0,257,0,0,0,17,-136,0.399,9.09,9.53408921,0.44408921,,,,,,,,,,,,,,,,,,
